{"type":"FeatureCollection","features":[{"type":"Feature","properties":{"osmId":"way/92965473","highway":"primary","name":"Avenida José Vieira"},"geometry":{"type":"LineString","coordinates":[[-48.8433029,-26.2874443],[-48.8433013,-26.2875438],[-48.8432922,-26.2883458],[-48.8432787,-26.2895425],[-48.8432764,-26.2897523],[-48.8432779,-26.2898754],[-48.8432743,-26.2899308],[-48.8432677,-26.2905053],[-48.8432601,-26.2911679],[-48.8432502,-26.2920289]]}},{"type":"Feature","properties":{"osmId":"way/95396603","highway":"secondary","name":"Rua Itaiópolis"},"geometry":{"type":"LineString","coordinates":[[-48.845208,-26.2873459],[-48.8451071,-26.2873511],[-48.844876,-26.2873631],[-48.8446299,-26.2873758],[-48.8439563,-26.2874106]]}},{"type":"Feature","properties":{"osmId":"way/95917285","highway":"tertiary","name":"Alameda Rolf Colin"},"geometry":{"type":"LineString","coordinates":[[-48.8481712,-26.2927594],[-48.8481076,-26.2927634],[-48.8480388,-26.2927677],[-48.8471976,-26.2928206],[-48.8466517,-26.2928549],[-48.8456957,-26.2929149],[-48.8456042,-26.2929207]]}},{"type":"Feature","properties":{"osmId":"way/95917298","highway":"tertiary","name":"Rua Germano Stein"},"geometry":{"type":"LineString","coordinates":[[-48.8486132,-26.2888693],[-48.8467961,-26.2886446],[-48.8467022,-26.2886416],[-48.8464156,-26.2886554],[-48.8462399,-26.2886639],[-48.8461305,-26.2886691],[-48.8459863,-26.288676],[-48.8456928,-26.2886901],[-48.8454617,-26.2887012],[-48.8453978,-26.2887043],[-48.8453046,-26.2887088]]}},{"type":"Feature","properties":{"osmId":"way/95917300","highway":"tertiary","name":"Rua Almirante Barroso"},"geometry":{"type":"LineString","coordinates":[[-48.8461335,-26.2820462],[-48.8461985,-26.2820191],[-48.8462643,-26.2820034],[-48.8463367,-26.2819965],[-48.8464225,-26.2819995],[-48.8465679,-26.2820109],[-48.8472955,-26.2820681],[-48.8480117,-26.2821244],[-48.8485376,-26.2821656],[-48.8493415,-26.2822288]]}},{"type":"Feature","properties":{"osmId":"way/95917302","highway":"residential","name":"Rua Alvarenga Peixoto"},"geometry":{"type":"LineString","coordinates":[[-48.8497249,-26.2784102],[-48.8505789,-26.2784635],[-48.8506681,-26.278469]]}},{"type":"Feature","properties":{"osmId":"way/95917308","highway":"residential","name":"Rua Visconde de Inhaúma"},"geometry":{"type":"LineString","coordinates":[[-48.8456221,-26.2827706],[-48.8464852,-26.2828435]]}},{"type":"Feature","properties":{"osmId":"way/95949514","highway":"residential","name":"Rua Padre Dehon"},"geometry":{"type":"LineString","coordinates":[[-48.8484169,-26.2836669],[-48.8485376,-26.2821656]]}},{"type":"Feature","properties":{"osmId":"way/95949527","highway":"residential","name":"Rua Tubarão"},"geometry":{"type":"LineString","coordinates":[[-48.8488889,-26.2864421],[-48.8497711,-26.2864776],[-48.8498751,-26.2864817]]}},{"type":"Feature","properties":{"osmId":"way/95949529","highway":"tertiary","name":"Rua Jaraguá"},"geometry":{"type":"LineString","coordinates":[[-48.8535375,-26.2892576],[-48.8535735,-26.2893059],[-48.8535921,-26.2893605],[-48.853629,-26.2897988],[-48.8536913,-26.2905389],[-48.8537387,-26.2911018],[-48.853781,-26.2915983],[-48.8538245,-26.2921089]]}},{"type":"Feature","properties":{"osmId":"way/95949532","highway":"residential","name":"Rua Marechal Floriano"},"geometry":{"type":"LineString","coordinates":[[-48.8478684,-26.2836297],[-48.8480117,-26.2821244],[-48.8481384,-26.2807932]]}},{"type":"Feature","properties":{"osmId":"way/95949533","highway":"residential","name":"Rua Dom Pedro I"},"geometry":{"type":"LineString","coordinates":[[-48.8471498,-26.2835808],[-48.8472955,-26.2820681],[-48.8473838,-26.2811508]]}},{"type":"Feature","properties":{"osmId":"way/95949535","highway":"residential","name":"Rua Nações Unidas"},"geometry":{"type":"LineString","coordinates":[[-48.851263,-26.2823797],[-48.8512798,-26.2842938],[-48.8512894,-26.2857957],[-48.8512941,-26.286541]]}},{"type":"Feature","properties":{"osmId":"way/95949537","highway":"secondary","name":"Rua Conselheiro Arp"},"geometry":{"type":"LineString","coordinates":[[-48.8530734,-26.2989231],[-48.8529877,-26.2979517],[-48.852941,-26.2974212],[-48.8528703,-26.2966196],[-48.8527847,-26.2956491]]}},{"type":"Feature","properties":{"osmId":"way/95949549","highway":"secondary","name":"Rua Marechal Deodoro"},"geometry":{"type":"LineString","coordinates":[[-48.8527847,-26.2956491],[-48.8503249,-26.2958071],[-48.8487421,-26.2959087],[-48.8483675,-26.2959327],[-48.8479263,-26.295961],[-48.8478705,-26.295979],[-48.8478011,-26.2960173]]}},{"type":"Feature","properties":{"osmId":"way/95949550","highway":"residential","name":"Rua Emílio Artmann"},"geometry":{"type":"LineString","coordinates":[[-48.8481391,-26.2930422],[-48.8501125,-26.2929212]]}},{"type":"Feature","properties":{"osmId":"way/95949674","highway":"residential","name":"Rua Presidente Costa e Silva"},"geometry":{"type":"LineString","coordinates":[[-48.8560321,-26.2932954],[-48.8560292,-26.2932464]]}},{"type":"Feature","properties":{"osmId":"way/95949676","highway":"tertiary","name":"Rua Araranguá"},"geometry":{"type":"LineString","coordinates":[[-48.8484912,-26.2899432],[-48.8486767,-26.2899169],[-48.8497796,-26.2897541],[-48.8498783,-26.2897395]]}},{"type":"Feature","properties":{"osmId":"way/95949677","highway":"residential","name":"Rua João Barthold"},"geometry":{"type":"LineString","coordinates":[[-48.8538521,-26.2924478],[-48.854748,-26.2923958],[-48.8552782,-26.292365]]}},{"type":"Feature","properties":{"osmId":"way/95949678","highway":"residential","name":"Rua Macaé"},"geometry":{"type":"LineString","coordinates":[[-48.8531714,-26.2892525],[-48.8530853,-26.2883314],[-48.8530287,-26.2877191],[-48.8529664,-26.2870448]]}},{"type":"Feature","properties":{"osmId":"way/108225726","highway":"secondary","name":"Rua Lages"},"geometry":{"type":"LineString","coordinates":[[-48.8476966,-26.2969375],[-48.8478837,-26.2969334],[-48.8480001,-26.2969279],[-48.8485377,-26.2968938],[-48.8503963,-26.2967762],[-48.851726,-26.296692],[-48.8518968,-26.2966811],[-48.8528703,-26.2966196]]}},{"type":"Feature","properties":{"osmId":"way/108225728","highway":"tertiary","name":"Rua Jaraguá"},"geometry":{"type":"LineString","coordinates":[[-48.8551494,-26.2980073],[-48.8551863,-26.2980734],[-48.8552108,-26.2981363],[-48.8552631,-26.2985483],[-48.8552557,-26.2985994],[-48.8552155,-26.298671]]}},{"type":"Feature","properties":{"osmId":"way/108284704","highway":"service"},"geometry":{"type":"LineString","coordinates":[[-48.8457136,-26.2889293],[-48.8457135,-26.2888319],[-48.8459881,-26.2888199]]}},{"type":"Feature","properties":{"osmId":"way/108284718","highway":"service"},"geometry":{"type":"LineString","coordinates":[[-48.8457434,-26.2905884],[-48.8457365,-26.2902294],[-48.8457184,-26.2902041],[-48.8456748,-26.2901842],[-48.845675,-26.2901483],[-48.8456647,-26.2898156],[-48.8456374,-26.2894279],[-48.8456307,-26.2890866]]}},{"type":"Feature","properties":{"osmId":"way/108284723","highway":"service"},"geometry":{"type":"LineString","coordinates":[[-48.8462399,-26.2886639],[-48.8462308,-26.2889032],[-48.8463186,-26.2899141]]}},{"type":"Feature","properties":{"osmId":"way/108284725","highway":"primary","name":"Rua Max Colin"},"geometry":{"type":"LineString","coordinates":[[-48.8423585,-26.2953008],[-48.8427023,-26.295241]]}},{"type":"Feature","properties":{"osmId":"way/108284736","highway":"service"},"geometry":{"type":"LineString","coordinates":[[-48.8457136,-26.2889293],[-48.8462308,-26.2889032]]}},{"type":"Feature","properties":{"osmId":"way/108284745","highway":"footway"},"geometry":{"type":"LineString","coordinates":[[-48.8453557,-26.2894304],[-48.8454476,-26.2894314],[-48.8456374,-26.2894279]]}},{"type":"Feature","properties":{"osmId":"way/115181359","highway":"residential","name":"Rua Ernesto Romanus"},"geometry":{"type":"LineString","coordinates":[[-48.8451035,-26.2858718],[-48.8438647,-26.2859298]]}},{"type":"Feature","properties":{"osmId":"way/115181377","highway":"residential","name":"Servidão Particular Holz"},"geometry":{"type":"LineString","coordinates":[[-48.8510483,-26.2872538],[-48.8498047,-26.2871921]]}},{"type":"Feature","properties":{"osmId":"way/115181386","highway":"residential","name":"Rua Quintino Bocaiúva"},"geometry":{"type":"LineString","coordinates":[[-48.8466982,-26.2909884],[-48.8483867,-26.2908782]]}},{"type":"Feature","properties":{"osmId":"way/115181392","highway":"residential","name":"Rua Eduardo Krisch"},"geometry":{"type":"LineString","coordinates":[[-48.8439563,-26.2874106],[-48.8439029,-26.2865463]]}},{"type":"Feature","properties":{"osmId":"way/115181401","highway":"residential","name":"Rua Vinte e Cinco de Julho"},"geometry":{"type":"LineString","coordinates":[[-48.8482826,-26.291779],[-48.8482516,-26.2917736],[-48.8464388,-26.291541],[-48.8463619,-26.291536],[-48.8462847,-26.2915412],[-48.8462235,-26.2915488],[-48.8455967,-26.2916418],[-48.8455133,-26.2916542]]}},{"type":"Feature","properties":{"osmId":"way/115181404","highway":"residential"},"geometry":{"type":"LineString","coordinates":[[-48.8519217,-26.2876264],[-48.8519041,-26.2879437],[-48.8518868,-26.2882544]]}},{"type":"Feature","properties":{"osmId":"way/115181411","highway":"residential","name":"Rua Albert Einstein"},"geometry":{"type":"LineString","coordinates":[[-48.8509052,-26.2883482],[-48.8508287,-26.2891742],[-48.8508354,-26.2892897],[-48.8508768,-26.289592]]}},{"type":"Feature","properties":{"osmId":"way/115181415","highway":"residential","name":"Rua General Osório"},"geometry":{"type":"LineString","coordinates":[[-48.851444,-26.2879243],[-48.8497394,-26.2878525]]}},{"type":"Feature","properties":{"osmId":"way/115181420","highway":"residential","name":"Rua Capinzal"},"geometry":{"type":"LineString","coordinates":[[-48.8460141,-26.2864473],[-48.8451473,-26.286488]]}},{"type":"Feature","properties":{"osmId":"way/115181426","highway":"residential","name":"Rua Edgar Schneider"},"geometry":{"type":"LineString","coordinates":[[-48.8477188,-26.2860953],[-48.8486716,-26.2860595],[-48.8489335,-26.2860496]]}},{"type":"Feature","properties":{"osmId":"way/117970592","highway":"residential","name":"Servidão Vital Brasil"},"geometry":{"type":"LineString","coordinates":[[-48.8517742,-26.2857738],[-48.8518144,-26.2849718],[-48.8518302,-26.2847743],[-48.8518587,-26.2846279],[-48.851932,-26.2843233]]}},{"type":"Feature","properties":{"osmId":"way/117970593","highway":"residential","name":"Rua Albrecht Schmalz"},"geometry":{"type":"LineString","coordinates":[[-48.8587157,-26.28614],[-48.8586494,-26.2853987],[-48.8586192,-26.2850824],[-48.858598,-26.2846253]]}},{"type":"Feature","properties":{"osmId":"way/117970594","highway":"residential","name":"Rua Bertha Will"},"geometry":{"type":"LineString","coordinates":[[-48.8618179,-26.2863929],[-48.8617696,-26.2857676],[-48.8617477,-26.2856443],[-48.8616227,-26.2852198]]}},{"type":"Feature","properties":{"osmId":"way/117970595","highway":"residential","name":"Rua Recife"},"geometry":{"type":"LineString","coordinates":[[-48.8605895,-26.2860707],[-48.8606263,-26.2852596],[-48.8606431,-26.285152],[-48.8606924,-26.2849574],[-48.8604342,-26.2824074]]}},{"type":"Feature","properties":{"osmId":"way/117970596","highway":"residential","name":"Rua Fernando Machado"},"geometry":{"type":"LineString","coordinates":[[-48.8540233,-26.2844181],[-48.853738,-26.2801864],[-48.8536823,-26.2793557],[-48.8536351,-26.2786554]]}},{"type":"Feature","properties":{"osmId":"way/117970599","highway":"residential","name":"Rua Orleans"},"geometry":{"type":"LineString","coordinates":[[-48.8564017,-26.2828618],[-48.8563347,-26.2829722],[-48.856289,-26.283073],[-48.8562541,-26.2831923]]}},{"type":"Feature","properties":{"osmId":"way/117970602","highway":"residential","name":"Rua Presidente Café Filho"},"geometry":{"type":"LineString","coordinates":[[-48.8582753,-26.2927967],[-48.8581436,-26.2911321]]}},{"type":"Feature","properties":{"osmId":"way/117970603","highway":"residential","name":"Servidão Ribeirão Preto"},"geometry":{"type":"LineString","coordinates":[[-48.8545374,-26.288115],[-48.8544899,-26.2871013]]}},{"type":"Feature","properties":{"osmId":"way/117970604","highway":"residential","name":"Rua Duvoisin"},"geometry":{"type":"LineString","coordinates":[[-48.8586852,-26.2866582],[-48.8599134,-26.2865419]]}},{"type":"Feature","properties":{"osmId":"way/117970605","highway":"residential"},"geometry":{"type":"LineString","coordinates":[[-48.8526561,-26.2843562],[-48.8530016,-26.2841375],[-48.8531114,-26.2840891],[-48.8532034,-26.2840562],[-48.853329,-26.2840341],[-48.8534387,-26.2840313],[-48.8535509,-26.2840456],[-48.8536855,-26.2840986],[-48.8537937,-26.2841598],[-48.85391,-26.2842772],[-48.8540233,-26.2844181]]}},{"type":"Feature","properties":{"osmId":"way/117970606","highway":"residential","name":"Rua do Atleta"},"geometry":{"type":"LineString","coordinates":[[-48.8588787,-26.29119],[-48.85901,-26.292891]]}},{"type":"Feature","properties":{"osmId":"way/117970607","highway":"residential","name":"Rua Casimiro Silveira"},"geometry":{"type":"LineString","coordinates":[[-48.8582673,-26.2888468],[-48.8576439,-26.2890215],[-48.8575459,-26.2890425],[-48.8574125,-26.2890635],[-48.8566374,-26.2891363]]}},{"type":"Feature","properties":{"osmId":"way/117970608","highway":"residential","name":"Rua José de Alencar"},"geometry":{"type":"LineString","coordinates":[[-48.849434,-26.2813076],[-48.8503793,-26.2813869]]}},{"type":"Feature","properties":{"osmId":"way/117970609","highway":"residential","name":"Rua Orleans"},"geometry":{"type":"LineString","coordinates":[[-48.8560703,-26.2822374],[-48.8561091,-26.2821583],[-48.856136,-26.2820832],[-48.8561723,-26.2819494]]}},{"type":"Feature","properties":{"osmId":"way/117970611","highway":"residential","name":"Rua Frei Caneca"},"geometry":{"type":"LineString","coordinates":[[-48.8567036,-26.2896173],[-48.8553549,-26.2896969],[-48.854636,-26.2897392],[-48.853629,-26.2897988]]}},{"type":"Feature","properties":{"osmId":"way/117970612","highway":"residential","name":"Rua Orleans"},"geometry":{"type":"LineString","coordinates":[[-48.85634,-26.2845243],[-48.8564228,-26.2858081],[-48.8564624,-26.2864227],[-48.856469,-26.2865241],[-48.85652,-26.2873149],[-48.8565593,-26.2879248],[-48.8565977,-26.2885204],[-48.8566342,-26.2890865],[-48.8566374,-26.2891363],[-48.856654,-26.2893929],[-48.8566733,-26.2895067],[-48.8567036,-26.2896173],[-48.8568726,-26.2899857],[-48.8573359,-26.2909484],[-48.8574471,-26.2911796],[-48.8575966,-26.2929194]]}},{"type":"Feature","properties":{"osmId":"way/117970613","highway":"residential","name":"Rua Presidente Castelo Branco"},"geometry":{"type":"LineString","coordinates":[[-48.8562239,-26.29046],[-48.8564922,-26.290848],[-48.8565494,-26.2909461],[-48.8565841,-26.2910331],[-48.8566062,-26.2911035],[-48.8566245,-26.2911834],[-48.8566315,-26.2912627],[-48.8567752,-26.2930582]]}},{"type":"Feature","properties":{"osmId":"way/117970615","highway":"residential","name":"Servidão Ribeirão Preto"},"geometry":{"type":"LineString","coordinates":[[-48.8546616,-26.2904091],[-48.854636,-26.2897392],[-48.8546014,-26.2888317]]}},{"type":"Feature","properties":{"osmId":"way/117970617","highway":"residential","name":"Rua Eduardo Trinks"},"geometry":{"type":"LineString","coordinates":[[-48.8527695,-26.2806596],[-48.8530016,-26.2841375]]}},{"type":"Feature","properties":{"osmId":"way/117970619","highway":"residential","name":"Rua Humberto de Campos"},"geometry":{"type":"LineString","coordinates":[[-48.8521566,-26.2806433],[-48.850463,-26.2805406],[-48.8495168,-26.2804829]]}},{"type":"Feature","properties":{"osmId":"way/117970622","highway":"residential","name":"Rua Amandus Immetzberger"},"geometry":{"type":"LineString","coordinates":[[-48.857435,-26.2854311],[-48.8573565,-26.2845691]]}},{"type":"Feature","properties":{"osmId":"way/117970623","highway":"residential","name":"Rua Leonardo Seiffert"},"geometry":{"type":"LineString","coordinates":[[-48.8532199,-26.2860299],[-48.8530841,-26.2843756]]}},{"type":"Feature","properties":{"osmId":"way/117970624","highway":"residential","name":"Rua Paulino M Alves"},"geometry":{"type":"LineString","coordinates":[[-48.8565593,-26.2879248],[-48.8579237,-26.287811]]}},{"type":"Feature","properties":{"osmId":"way/117970628","highway":"residential","name":"Rua Grécia"},"geometry":{"type":"LineString","coordinates":[[-48.858628,-26.2910991],[-48.8581436,-26.2911321],[-48.8574471,-26.2911796]]}},{"type":"Feature","properties":{"osmId":"way/117970630","highway":"residential"},"geometry":{"type":"LineString","coordinates":[[-48.8561599,-26.2828726],[-48.8561167,-26.2828514],[-48.8559366,-26.2826996],[-48.8558961,-26.282648],[-48.8558687,-26.282577],[-48.8558719,-26.2824919],[-48.8559053,-26.2824211],[-48.8560152,-26.2822893],[-48.8560703,-26.2822374],[-48.8561386,-26.2822097],[-48.8563188,-26.2821968],[-48.8563913,-26.2821946],[-48.8564378,-26.2822181],[-48.8566187,-26.2823493],[-48.8566593,-26.2823982],[-48.8566762,-26.2824514],[-48.8566776,-26.2825175],[-48.8566778,-26.2825282],[-48.8566554,-26.2826049],[-48.8566528,-26.2826091],[-48.8566134,-26.2826717],[-48.8565558,-26.2827332],[-48.8564017,-26.2828618],[-48.8563385,-26.2828758],[-48.8562116,-26.2828771],[-48.8561599,-26.2828726]]}},{"type":"Feature","properties":{"osmId":"way/117970631","highway":"residential","name":"Rua Pará"},"geometry":{"type":"LineString","coordinates":[[-48.8536823,-26.2793557],[-48.8505977,-26.27918]]}},{"type":"Feature","properties":{"osmId":"way/117970632","highway":"residential","name":"Rua Richard Hille"},"geometry":{"type":"LineString","coordinates":[[-48.8615068,-26.2867007],[-48.8613506,-26.2852295]]}},{"type":"Feature","properties":{"osmId":"way/117970633","highway":"residential","name":"Rua Presidente Café Filho"},"geometry":{"type":"LineString","coordinates":[[-48.8583808,-26.2941305],[-48.8583033,-26.2931511]]}},{"type":"Feature","properties":{"osmId":"way/117970634","highway":"residential","name":"Rua Machado de Assis"},"geometry":{"type":"LineString","coordinates":[[-48.8522784,-26.2824594],[-48.8524059,-26.2843448]]}},{"type":"Feature","properties":{"osmId":"way/117970635","highway":"residential","name":"Rua Orleans"},"geometry":{"type":"LineString","coordinates":[[-48.8561723,-26.2819494],[-48.856245,-26.2820414],[-48.8563084,-26.2821082],[-48.8563913,-26.2821946]]}},{"type":"Feature","properties":{"osmId":"way/117970636","highway":"residential","name":"Servidão Carlos Schneider"},"geometry":{"type":"LineString","coordinates":[[-48.8578574,-26.2872456],[-48.85652,-26.2873149]]}},{"type":"Feature","properties":{"osmId":"way/117970639","highway":"residential","name":"Rua Salvador"},"geometry":{"type":"LineString","coordinates":[[-48.8599735,-26.2871112],[-48.8599134,-26.2865419],[-48.8597194,-26.2847027]]}},{"type":"Feature","properties":{"osmId":"way/118974650","highway":"residential"},"geometry":{"type":"LineString","coordinates":[[-48.8584735,-26.2818436],[-48.8584842,-26.2818003],[-48.8585127,-26.2817437],[-48.8585378,-26.2817278],[-48.8585954,-26.2817128],[-48.8586485,-26.2817118],[-48.8587271,-26.281716],[-48.8587707,-26.2817216],[-48.8588371,-26.2817558],[-48.8588951,-26.2818342],[-48.8589152,-26.2819407],[-48.85892,-26.282025],[-48.8588821,-26.2821039],[-48.8588197,-26.2821466],[-48.8587352,-26.2821538],[-48.8586648,-26.2821208],[-48.8585689,-26.2820348],[-48.8584717,-26.2819128],[-48.8584735,-26.2818436]]}},{"type":"Feature","properties":{"osmId":"way/118974656","highway":"residential","name":"Rua Hellmuth Strelow"},"geometry":{"type":"LineString","coordinates":[[-48.8581459,-26.2817618],[-48.8579602,-26.2817916],[-48.8578961,-26.2818118],[-48.8566593,-26.2823982]]}},{"type":"Feature","properties":{"osmId":"way/118974660","highway":"residential","name":"Rua Dona Joaquina M. B. Schroeder"},"geometry":{"type":"LineString","coordinates":[[-48.8585823,-26.2797415],[-48.8584857,-26.2798075],[-48.8583887,-26.2798826]]}},{"type":"Feature","properties":{"osmId":"way/118974661","highway":"residential","name":"Rua Alfredo Ricardo Schroeder"},"geometry":{"type":"LineString","coordinates":[[-48.85892,-26.282025],[-48.8589498,-26.2821563],[-48.8589546,-26.2822513],[-48.8589598,-26.2822888]]}},{"type":"Feature","properties":{"osmId":"way/118974663","highway":"residential","name":"Rua Belo Horizonte"},"geometry":{"type":"LineString","coordinates":[[-48.8619694,-26.2789328],[-48.861917,-26.2782052]]}},{"type":"Feature","properties":{"osmId":"way/118974668","highway":"residential","name":"Rua Alfredo Ricardo Schroeder"},"geometry":{"type":"LineString","coordinates":[[-48.8566028,-26.2792299],[-48.85803,-26.2796664]]}},{"type":"Feature","properties":{"osmId":"way/118974669","highway":"residential","name":"Rua Professor Beno Sebastião Harger"},"geometry":{"type":"LineString","coordinates":[[-48.862071,-26.2821283],[-48.8621181,-26.283213],[-48.8621267,-26.283335],[-48.8621325,-26.2834014],[-48.8621534,-26.2834602],[-48.8625537,-26.2841508]]}},{"type":"Feature","properties":{"osmId":"way/118974672","highway":"residential"},"geometry":{"type":"LineString","coordinates":[[-48.8602174,-26.2810468],[-48.8594164,-26.2810769],[-48.8594792,-26.2818222],[-48.8595049,-26.2821275],[-48.859514,-26.2821702],[-48.8595318,-26.2822],[-48.8596871,-26.2823078],[-48.8597278,-26.2823556],[-48.8597545,-26.2824093],[-48.85977,-26.2825065],[-48.8597635,-26.2825958],[-48.8597255,-26.2826674],[-48.8596585,-26.2827185],[-48.8595852,-26.2827446],[-48.8589926,-26.2827869],[-48.8581035,-26.2828389],[-48.8580008,-26.2828287],[-48.8579108,-26.2828057],[-48.857783,-26.2827411]]}},{"type":"Feature","properties":{"osmId":"way/118974673","highway":"residential"},"geometry":{"type":"LineString","coordinates":[[-48.8577206,-26.2825899],[-48.8575847,-26.2826683]]}},{"type":"Feature","properties":{"osmId":"way/118974677","highway":"residential","name":"Rua Alfredo Ricardo Schroeder"},"geometry":{"type":"LineString","coordinates":[[-48.8582088,-26.2798284],[-48.85803,-26.2796664]]}},{"type":"Feature","properties":{"osmId":"way/118974678","highway":"residential","name":"Rua Alfredo Ricardo Schroeder"},"geometry":{"type":"LineString","coordinates":[[-48.8589598,-26.2822888],[-48.858869,-26.2822839],[-48.8587981,-26.2822552],[-48.85876,-26.2822134],[-48.8587352,-26.2821538]]}},{"type":"Feature","properties":{"osmId":"way/118974682","highway":"residential"},"geometry":{"type":"LineString","coordinates":[[-48.8602527,-26.2817813],[-48.8594792,-26.2818222]]}},{"type":"Feature","properties":{"osmId":"way/118974683","highway":"residential","name":"Rua Dona Joaquina M. B. Schroeder"},"geometry":{"type":"LineString","coordinates":[[-48.858821,-26.2797109],[-48.8586909,-26.2797254],[-48.8585823,-26.2797415]]}},{"type":"Feature","properties":{"osmId":"way/118974691","highway":"residential","name":"Rua Dona Joaquina M. B. Schroeder"},"geometry":{"type":"LineString","coordinates":[[-48.8580916,-26.2800241],[-48.8579265,-26.2801234],[-48.8578494,-26.2802033],[-48.8577723,-26.2803386],[-48.8577316,-26.280385],[-48.8576809,-26.2804156],[-48.8575858,-26.2804442],[-48.8574699,-26.2804542],[-48.8573312,-26.2804492],[-48.8571982,-26.2804324],[-48.8563534,-26.2801799]]}},{"type":"Feature","properties":{"osmId":"way/118974692","highway":"residential"},"geometry":{"type":"LineString","coordinates":[[-48.8627209,-26.2791372],[-48.8627148,-26.2790477]]}},{"type":"Feature","properties":{"osmId":"way/118974694","highway":"residential","name":"Rua Hellmuth Strelow"},"geometry":{"type":"LineString","coordinates":[[-48.8581459,-26.2817618],[-48.8585127,-26.2817437]]}},{"type":"Feature","properties":{"osmId":"way/118974697","highway":"residential","name":"Rua Alfredo Ricardo Schroeder"},"geometry":{"type":"LineString","coordinates":[[-48.8585378,-26.2817278],[-48.8585774,-26.2816586],[-48.8586001,-26.2816135],[-48.8586411,-26.281531]]}},{"type":"Feature","properties":{"osmId":"way/118974699","highway":"residential","name":"Rua João Augusto Schroeder"},"geometry":{"type":"LineString","coordinates":[[-48.8572358,-26.2813703],[-48.8571982,-26.2804324]]}},{"type":"Feature","properties":{"osmId":"way/118974704","highway":"residential","name":"Rua Doutor Orlando Borges Schroeder"},"geometry":{"type":"LineString","coordinates":[[-48.8563936,-26.2807811],[-48.8563534,-26.2801799],[-48.8563469,-26.2800254],[-48.8563503,-26.2799373],[-48.8563628,-26.279866],[-48.8563894,-26.279782],[-48.8566028,-26.2792299],[-48.8566816,-26.2790186],[-48.8566885,-26.2789604],[-48.856671,-26.2789119],[-48.8565951,-26.2788413]]}},{"type":"Feature","properties":{"osmId":"way/118974706","highway":"residential","name":"Rua Osmar Altamiro de Oliveira"},"geometry":{"type":"LineString","coordinates":[[-48.8589918,-26.2804594],[-48.8585525,-26.2804957]]}},{"type":"Feature","properties":{"osmId":"way/118974709","highway":"service"},"geometry":{"type":"LineString","coordinates":[[-48.861918,-26.2798155],[-48.8627118,-26.2799647],[-48.8634168,-26.2800473]]}},{"type":"Feature","properties":{"osmId":"way/118974710","highway":"residential","name":"Rua Alfredo Ricardo Schroeder"},"geometry":{"type":"LineString","coordinates":[[-48.8584482,-26.2801023],[-48.8584933,-26.2802001],[-48.8585166,-26.2802834],[-48.8585367,-26.2803887],[-48.8585525,-26.2804957],[-48.8586199,-26.2812834],[-48.8586411,-26.281531]]}},{"type":"Feature","properties":{"osmId":"way/118974713","highway":"residential","name":"Rua Werner Brietzig"},"geometry":{"type":"LineString","coordinates":[[-48.8616598,-26.2820296],[-48.8613157,-26.2781706]]}},{"type":"Feature","properties":{"osmId":"way/118974719","highway":"residential","name":"Rua Doutora Stela Maria Virmond Vieira"},"geometry":{"type":"LineString","coordinates":[[-48.8592232,-26.2812418],[-48.8586199,-26.2812834]]}},{"type":"Feature","properties":{"osmId":"way/119531372","highway":"residential","name":"Rua Leopoldo Ziehmann"},"geometry":{"type":"LineString","coordinates":[[-48.8636,-26.288124],[-48.8628392,-26.2881795]]}},{"type":"Feature","properties":{"osmId":"way/119531384","highway":"residential","name":"Rua Criciúma"},"geometry":{"type":"LineString","coordinates":[[-48.8599301,-26.2980105],[-48.8598178,-26.2970984],[-48.8598241,-26.2970408],[-48.85984,-26.2969894],[-48.8598577,-26.2969525],[-48.8598879,-26.2969123],[-48.8602133,-26.2965527],[-48.8602437,-26.2965089],[-48.8602742,-26.29644],[-48.8602895,-26.2963668],[-48.8602906,-26.2962965],[-48.8601293,-26.294014]]}},{"type":"Feature","properties":{"osmId":"way/119531387","highway":"residential","name":"Servidão Alvino Tilp"},"geometry":{"type":"LineString","coordinates":[[-48.8625696,-26.2907618],[-48.8614935,-26.2908432]]}},{"type":"Feature","properties":{"osmId":"way/119531392","highway":"residential","name":"Rua Guilherme Melzer"},"geometry":{"type":"LineString","coordinates":[[-48.8643858,-26.2898515],[-48.8634801,-26.2898875],[-48.8625852,-26.2899231]]}},{"type":"Feature","properties":{"osmId":"way/119531395","highway":"living_street"},"geometry":{"type":"LineString","coordinates":[[-48.8632855,-26.2869616],[-48.8633123,-26.2873584],[-48.8632909,-26.2874209],[-48.8632243,-26.2874558],[-48.8628403,-26.2874762],[-48.8627464,-26.2874811]]}},{"type":"Feature","properties":{"osmId":"way/119531401","highway":"residential","name":"Rua Alceu Koehntopp"},"geometry":{"type":"LineString","coordinates":[[-48.8622264,-26.2848788],[-48.8622426,-26.2853613],[-48.8622503,-26.2855212],[-48.8622618,-26.2856425],[-48.8625059,-26.2866256],[-48.8627398,-26.2874268],[-48.8627464,-26.2874811],[-48.8627541,-26.2875404],[-48.8628392,-26.2881795],[-48.8628686,-26.2884487],[-48.8628961,-26.2887135],[-48.862894,-26.2888087],[-48.8628615,-26.2889212],[-48.8627673,-26.28915],[-48.8626917,-26.2893934],[-48.8626363,-26.2896263],[-48.8626079,-26.2897941],[-48.8625852,-26.2899231],[-48.8625727,-26.2900455],[-48.8625648,-26.2901454],[-48.8625624,-26.2902801],[-48.8625696,-26.2907618],[-48.8625922,-26.2912066]]}},{"type":"Feature","properties":{"osmId":"way/119531417","highway":"residential","name":"Rua Karl Kumlehn"},"geometry":{"type":"LineString","coordinates":[[-48.8634801,-26.2898875],[-48.8635524,-26.2911886]]}},{"type":"Feature","properties":{"osmId":"way/119531420","highway":"residential","name":"Rua São Luiz"},"geometry":{"type":"LineString","coordinates":[[-48.8639012,-26.2937627],[-48.8638307,-26.2928]]}},{"type":"Feature","properties":{"osmId":"way/119694892","highway":"residential"},"geometry":{"type":"LineString","coordinates":[[-48.8584923,-26.29791],[-48.8587749,-26.2986133]]}},{"type":"Feature","properties":{"osmId":"way/119694904","highway":"residential","name":"Rua Luiz Brockmann"},"geometry":{"type":"LineString","coordinates":[[-48.852941,-26.2974212],[-48.8515351,-26.2974822],[-48.8511176,-26.2975002],[-48.8504517,-26.297529]]}},{"type":"Feature","properties":{"osmId":"way/119694906","highway":"service"},"geometry":{"type":"LineString","coordinates":[[-48.8579842,-26.2970238],[-48.8579626,-26.2971233],[-48.8579722,-26.2976568]]}},{"type":"Feature","properties":{"osmId":"way/119694910","highway":"service"},"geometry":{"type":"LineString","coordinates":[[-48.8511325,-26.2982532],[-48.8512686,-26.2982496],[-48.8515214,-26.2982441]]}},{"type":"Feature","properties":{"osmId":"way/119694911","highway":"residential","name":"Rua Lages"},"geometry":{"type":"LineString","coordinates":[[-48.8541963,-26.2965355],[-48.8548856,-26.2964018],[-48.8551619,-26.2963344],[-48.8553434,-26.2962764],[-48.8554676,-26.2962222],[-48.8556976,-26.2961118],[-48.8558102,-26.2960794],[-48.8573471,-26.2959736],[-48.8574377,-26.295997],[-48.8575201,-26.2960391],[-48.8575818,-26.2961004],[-48.857612,-26.2961672],[-48.857732,-26.2968417],[-48.8577495,-26.2968958],[-48.8578011,-26.2969475],[-48.8579842,-26.2970238],[-48.8595715,-26.2974234]]}},{"type":"Feature","properties":{"osmId":"way/119694914","highway":"residential","name":"Servidão Harry Monich"},"geometry":{"type":"LineString","coordinates":[[-48.8608307,-26.2954187],[-48.8607114,-26.2939752]]}},{"type":"Feature","properties":{"osmId":"way/119783110","highway":"residential","name":"Rua Recreativa Antártica"},"geometry":{"type":"LineString","coordinates":[[-48.8561296,-26.3011702],[-48.8562315,-26.3011773],[-48.8563239,-26.301174],[-48.856424,-26.3011434],[-48.8565031,-26.3010986],[-48.8565805,-26.3010276],[-48.856646,-26.3009307],[-48.8566704,-26.3008017],[-48.856672,-26.3006369],[-48.8566399,-26.3002015],[-48.8566539,-26.3001582],[-48.8566924,-26.3001228],[-48.856756,-26.3001023],[-48.8571386,-26.3000301]]}},{"type":"Feature","properties":{"osmId":"way/119783115","highway":"residential","name":"Rua Carlos Miers"},"geometry":{"type":"LineString","coordinates":[[-48.8585904,-26.3023559],[-48.8595238,-26.3024307]]}},{"type":"Feature","properties":{"osmId":"way/119783118","highway":"residential","name":"Rua Carlos Gruensch"},"geometry":{"type":"LineString","coordinates":[[-48.8571855,-26.3004319],[-48.8573276,-26.3028599]]}},{"type":"Feature","properties":{"osmId":"way/119783132","highway":"residential","name":"Servidão Max Miers"},"geometry":{"type":"LineString","coordinates":[[-48.8578843,-26.2994903],[-48.8583067,-26.2994867],[-48.8582821,-26.2987526]]}},{"type":"Feature","properties":{"osmId":"way/119783141","highway":"residential","name":"Servidão Alfredo Dietrich"},"geometry":{"type":"LineString","coordinates":[[-48.8584942,-26.2987251],[-48.8587998,-26.3004092]]}},{"type":"Feature","properties":{"osmId":"way/119783146","highway":"secondary","name":"Rua Expedicionário Holz"},"geometry":{"type":"LineString","coordinates":[[-48.853351,-26.2991966],[-48.8533819,-26.2993621],[-48.8536514,-26.3008077],[-48.8536668,-26.3009393],[-48.8536677,-26.3010517],[-48.8536232,-26.3018334]]}},{"type":"Feature","properties":{"osmId":"way/119783149","highway":"residential"},"geometry":{"type":"LineString","coordinates":[[-48.8574333,-26.2998805],[-48.8571222,-26.299879]]}},{"type":"Feature","properties":{"osmId":"way/119783159","highway":"secondary","name":"Rua Expedicionário Holz"},"geometry":{"type":"LineString","coordinates":[[-48.8534496,-26.2988333],[-48.8533486,-26.2989234],[-48.8533258,-26.2989592],[-48.8533198,-26.2990076],[-48.853351,-26.2991966]]}},{"type":"Feature","properties":{"osmId":"way/162153162","highway":"secondary","name":"Rua Benjamin Constant"},"geometry":{"type":"LineString","coordinates":[[-48.8635419,-26.283355],[-48.8634182,-26.283308],[-48.8632936,-26.2832729],[-48.8632032,-26.283263],[-48.863111,-26.2832683],[-48.8630264,-26.2832883],[-48.8629437,-26.2833225],[-48.8628742,-26.2833633]]}},{"type":"Feature","properties":{"osmId":"way/162153164","highway":"secondary","name":"Rua Benjamin Constant"},"geometry":{"type":"LineString","coordinates":[[-48.8638642,-26.2836836],[-48.8637918,-26.2835641],[-48.8637581,-26.2835181],[-48.8637013,-26.2834657],[-48.8635419,-26.283355]]}},{"type":"Feature","properties":{"osmId":"way/162153166","highway":"primary_link"},"geometry":{"type":"LineString","coordinates":[[-48.8641105,-26.2839201],[-48.8640605,-26.283942],[-48.8640304,-26.2839455],[-48.8639379,-26.2839274]]}},{"type":"Feature","properties":{"osmId":"way/162153167","highway":"primary","name":"Rua Marquês de Olinda"},"geometry":{"type":"LineString","coordinates":[[-48.8640244,-26.2842614],[-48.8639985,-26.2841311],[-48.8639884,-26.2840879],[-48.8639777,-26.2840527],[-48.8639379,-26.2839274]]}},{"type":"Feature","properties":{"osmId":"way/162153168","highway":"secondary","name":"Rua Benjamin Constant"},"geometry":{"type":"LineString","coordinates":[[-48.8635419,-26.283355],[-48.8636975,-26.283417],[-48.8637657,-26.2834587],[-48.8638229,-26.2835005]]}},{"type":"Feature","properties":{"osmId":"way/162153169","highway":"primary","name":"Rua Marquês de Olinda"},"geometry":{"type":"LineString","coordinates":[[-48.8638642,-26.2836836],[-48.8638328,-26.2835759],[-48.8638229,-26.2835005]]}},{"type":"Feature","properties":{"osmId":"way/162153173","highway":"primary_link"},"geometry":{"type":"LineString","coordinates":[[-48.8635419,-26.283355],[-48.8636318,-26.2833776],[-48.8636975,-26.2833852],[-48.8637365,-26.2833833],[-48.8637591,-26.2833739],[-48.8637842,-26.2833585],[-48.8638349,-26.2833036]]}},{"type":"Feature","properties":{"osmId":"way/162153723","highway":"primary","name":"Rua XV de Novembro"},"geometry":{"type":"LineString","coordinates":[[-48.8548493,-26.2987203],[-48.8544483,-26.2987653],[-48.8542284,-26.2987822],[-48.8534496,-26.2988333]]}},{"type":"Feature","properties":{"osmId":"way/167907477","highway":"secondary","name":"Rua Expedicionário Holz"},"geometry":{"type":"LineString","coordinates":[[-48.853351,-26.2991966],[-48.8532921,-26.2990956],[-48.8532465,-26.2990427],[-48.8532116,-26.2990138],[-48.8531622,-26.2989793],[-48.8530734,-26.2989231]]}},{"type":"Feature","properties":{"osmId":"way/167907479","highway":"residential","name":"Rua Padre Anchieta"},"geometry":{"type":"LineString","coordinates":[[-48.8614935,-26.2908432],[-48.8615747,-26.2915007]]}},{"type":"Feature","properties":{"osmId":"way/167907481","highway":"residential","name":"Rua Marechal Deodoro"},"geometry":{"type":"LineString","coordinates":[[-48.8541145,-26.2955637],[-48.8555215,-26.2954739],[-48.8572164,-26.2953658]]}},{"type":"Feature","properties":{"osmId":"way/167922057","highway":"tertiary","name":"Rua Marconi"},"geometry":{"type":"LineString","coordinates":[[-48.8456221,-26.2827706],[-48.8460318,-26.2821431],[-48.8460771,-26.2820901],[-48.8461335,-26.2820462]]}},{"type":"Feature","properties":{"osmId":"way/167922064","highway":"tertiary","name":"Rua Padre Antônio Vieira"},"geometry":{"type":"LineString","coordinates":[[-48.8491919,-26.2837196],[-48.8484169,-26.2836669],[-48.8478684,-26.2836297],[-48.8471498,-26.2835808],[-48.8464168,-26.283531]]}},{"type":"Feature","properties":{"osmId":"way/167922065","highway":"secondary","name":"Rua Orestes Guimarães"},"geometry":{"type":"LineString","coordinates":[[-48.8451473,-26.286488],[-48.8452022,-26.2872633],[-48.845208,-26.2873459]]}},{"type":"Feature","properties":{"osmId":"way/167922066","highway":"secondary"},"geometry":{"type":"LineString","coordinates":[[-48.845242,-26.2834807],[-48.8452216,-26.2834845],[-48.8452009,-26.2834822],[-48.8451821,-26.283474],[-48.8451673,-26.2834608],[-48.845158,-26.2834436],[-48.8451556,-26.2834246],[-48.8451603,-26.283406],[-48.8451716,-26.2833899],[-48.8451883,-26.283378],[-48.8452083,-26.2833717],[-48.8452296,-26.2833717],[-48.8452483,-26.2833774],[-48.8452641,-26.2833879],[-48.8452756,-26.2834022],[-48.8452816,-26.283419],[-48.8452815,-26.2834367],[-48.8452755,-26.2834535],[-48.8452687,-26.283463],[-48.8452599,-26.2834711],[-48.845242,-26.2834807]]}},{"type":"Feature","properties":{"osmId":"way/167922067","highway":"residential","name":"Rua Prefeito Aristides Largura"},"geometry":{"type":"LineString","coordinates":[[-48.8491439,-26.284197],[-48.844996,-26.2843544]]}},{"type":"Feature","properties":{"osmId":"way/167923286","highway":"residential","name":"Rua Orleans"},"geometry":{"type":"LineString","coordinates":[[-48.8562541,-26.2831923],[-48.8561599,-26.2828726]]}},{"type":"Feature","properties":{"osmId":"way/167923287","highway":"residential","name":"Rua General Andrade Neves"},"geometry":{"type":"LineString","coordinates":[[-48.8556415,-26.2803135],[-48.8548093,-26.2802578],[-48.853738,-26.2801864],[-48.8521187,-26.280078],[-48.8505194,-26.279971]]}},{"type":"Feature","properties":{"osmId":"way/167923288","highway":"residential","name":"Rua Orleans"},"geometry":{"type":"LineString","coordinates":[[-48.8556415,-26.2803135],[-48.8557265,-26.2803291],[-48.8557831,-26.2803592],[-48.8558277,-26.2804115],[-48.8558585,-26.2804698],[-48.8558721,-26.2805334],[-48.855884,-26.2807187],[-48.8559009,-26.280816],[-48.8559357,-26.280946],[-48.8559732,-26.2810735],[-48.8560271,-26.2813123]]}},{"type":"Feature","properties":{"osmId":"way/167924060","highway":"residential"},"geometry":{"type":"LineString","coordinates":[[-48.8583593,-26.2799211],[-48.8583355,-26.2799341],[-48.8583097,-26.27994],[-48.8582782,-26.2799389],[-48.8582486,-26.2799284],[-48.8582256,-26.2799103],[-48.8582094,-26.2798861],[-48.8582034,-26.2798573],[-48.8582088,-26.2798284],[-48.858222,-26.2798057],[-48.8582433,-26.2797865],[-48.8582697,-26.2797747],[-48.8582993,-26.2797711],[-48.8583273,-26.2797759],[-48.8583536,-26.279788],[-48.8583744,-26.2798066],[-48.8583892,-26.2798295],[-48.8583939,-26.2798553],[-48.8583887,-26.2798826],[-48.8583773,-26.2799005],[-48.8583593,-26.2799211]]}},{"type":"Feature","properties":{"osmId":"way/167924061","highway":"residential","name":"Rua Dona Joaquina M. B. Schroeder"},"geometry":{"type":"LineString","coordinates":[[-48.8582782,-26.2799389],[-48.8580916,-26.2800241]]}},{"type":"Feature","properties":{"osmId":"way/167924062","highway":"residential","name":"Rua Alfredo Ricardo Schroeder"},"geometry":{"type":"LineString","coordinates":[[-48.8584482,-26.2801023],[-48.8583097,-26.27994]]}},{"type":"Feature","properties":{"osmId":"way/167924068","highway":"residential","name":"Rua Dona Joaquina M. B. Schroeder"},"geometry":{"type":"LineString","coordinates":[[-48.8583536,-26.279788],[-48.8585823,-26.2797415]]}},{"type":"Feature","properties":{"osmId":"way/167924070","highway":"residential","name":"Rua Alfredo Ricardo Schroeder"},"geometry":{"type":"LineString","coordinates":[[-48.8583773,-26.2799005],[-48.8584482,-26.2801023]]}},{"type":"Feature","properties":{"osmId":"way/167924072","highway":"residential","name":"Rua Hellmuth Strelow"},"geometry":{"type":"LineString","coordinates":[[-48.8584717,-26.2819128],[-48.8583962,-26.2818562],[-48.8583104,-26.2818202],[-48.8582582,-26.2818012],[-48.8581459,-26.2817618]]}},{"type":"Feature","properties":{"osmId":"way/167924073","highway":"residential","name":"Rua Alfredo Ricardo Schroeder"},"geometry":{"type":"LineString","coordinates":[[-48.8586411,-26.281531],[-48.8586869,-26.2816401],[-48.8587271,-26.281716]]}},{"type":"Feature","properties":{"osmId":"way/167924074","highway":"residential","name":"Rua Alfredo Ricardo Schroeder"},"geometry":{"type":"LineString","coordinates":[[-48.85803,-26.2796664],[-48.8581639,-26.2796994],[-48.8582323,-26.2797265],[-48.8583273,-26.2797759]]}},{"type":"Feature","properties":{"osmId":"way/167924078","highway":"residential","name":"Rua Alfredo Ricardo Schroeder"},"geometry":{"type":"LineString","coordinates":[[-48.8589598,-26.2822888],[-48.858996,-26.282315],[-48.8590224,-26.282352],[-48.859032,-26.2824021]]}},{"type":"Feature","properties":{"osmId":"way/167924081","highway":"residential","name":"Rua Dona Joaquina M. B. Schroeder"},"geometry":{"type":"LineString","coordinates":[[-48.8580916,-26.2800241],[-48.8582094,-26.2798861]]}},{"type":"Feature","properties":{"osmId":"way/167924734","highway":"residential","name":"Rua Visconde de Mauá"},"geometry":{"type":"LineString","coordinates":[[-48.8553549,-26.2896969],[-48.8551578,-26.2866889]]}},{"type":"Feature","properties":{"osmId":"way/259491273","highway":"primary","name":"Rua Max Colin"},"geometry":{"type":"LineString","coordinates":[[-48.8540183,-26.2944212],[-48.8549272,-26.2943607],[-48.8554317,-26.294327],[-48.8571586,-26.294212],[-48.8571743,-26.2942109],[-48.8573603,-26.2941985],[-48.8577046,-26.2941756],[-48.8583095,-26.2941353],[-48.8583808,-26.2941305],[-48.8586309,-26.2941139],[-48.859102,-26.2940825],[-48.8595845,-26.2940503],[-48.8598145,-26.2940301],[-48.8600464,-26.2940191],[-48.8601293,-26.294014]]}},{"type":"Feature","properties":{"osmId":"way/259491516","highway":"primary","name":"Rua Max Colin"},"geometry":{"type":"LineString","coordinates":[[-48.8502415,-26.2946731],[-48.8503211,-26.2946676],[-48.8504089,-26.2946617],[-48.8505781,-26.2946504],[-48.8513221,-26.2946009],[-48.8525296,-26.2945204],[-48.8526843,-26.2945102],[-48.8538906,-26.2944297],[-48.8540183,-26.2944212]]}},{"type":"Feature","properties":{"osmId":"way/259491517","highway":"primary_link"},"geometry":{"type":"LineString","coordinates":[[-48.8638642,-26.2836836],[-48.8638751,-26.2836669],[-48.8638919,-26.2836512],[-48.863912,-26.2836444],[-48.8639305,-26.2836428],[-48.8639609,-26.283647],[-48.8640307,-26.2836703]]}},{"type":"Feature","properties":{"osmId":"way/259491518","highway":"primary","name":"Rua Marquês de Olinda"},"geometry":{"type":"LineString","coordinates":[[-48.8639379,-26.2839274],[-48.8639161,-26.2838669],[-48.8638779,-26.2837524],[-48.8638642,-26.2836836]]}},{"type":"Feature","properties":{"osmId":"way/260395906","highway":"residential","name":"Rua Criciúma"},"geometry":{"type":"LineString","coordinates":[[-48.8600604,-26.2930395],[-48.8600559,-26.292973]]}},{"type":"Feature","properties":{"osmId":"way/260395909","highway":"residential","name":"Rua Padre Anchieta"},"geometry":{"type":"LineString","coordinates":[[-48.8617515,-26.2929321],[-48.8618708,-26.293898]]}},{"type":"Feature","properties":{"osmId":"way/263923329","highway":"primary","name":"Rua Doutor João Colin"},"geometry":{"type":"LineString","coordinates":[[-48.8484912,-26.2899432],[-48.8485045,-26.2898259],[-48.8485198,-26.2896915],[-48.8485816,-26.2891472],[-48.8486132,-26.2888693],[-48.8487335,-26.2878096],[-48.8488076,-26.2871572],[-48.8488327,-26.286936],[-48.8488625,-26.2866744],[-48.8488889,-26.2864421],[-48.8489335,-26.2860496],[-48.8489526,-26.2858808],[-48.8490459,-26.2850594],[-48.8490542,-26.2849865],[-48.8490806,-26.2847546],[-48.8490903,-26.2846688],[-48.8491039,-26.2845494],[-48.8491071,-26.2845212],[-48.8491249,-26.2843639],[-48.849132,-26.2843017],[-48.8491336,-26.2842877],[-48.8491439,-26.284197]]}},{"type":"Feature","properties":{"osmId":"way/263923330","highway":"primary","name":"Rua Doutor João Colin"},"geometry":{"type":"LineString","coordinates":[[-48.8481712,-26.2927594],[-48.8482086,-26.2924303],[-48.8482826,-26.291779],[-48.8483867,-26.2908782],[-48.8484384,-26.2904075],[-48.8484452,-26.2903482]]}},{"type":"Feature","properties":{"osmId":"way/263923342","highway":"secondary","name":"Rua Orestes Guimarães"},"geometry":{"type":"LineString","coordinates":[[-48.8453836,-26.2898234],[-48.8453557,-26.2894304],[-48.8453046,-26.2887088],[-48.8452984,-26.2886218],[-48.845288,-26.2884744],[-48.8452711,-26.2882355],[-48.8452684,-26.2881981],[-48.8452165,-26.2874658],[-48.845208,-26.2873459]]}},{"type":"Feature","properties":{"osmId":"way/263923352","highway":"primary","name":"Rua XV de Novembro"},"geometry":{"type":"LineString","coordinates":[[-48.8530734,-26.2989231],[-48.8529822,-26.2989778],[-48.8528783,-26.2990482],[-48.8526421,-26.2992375],[-48.852316,-26.2994987],[-48.8521988,-26.2995845],[-48.85211,-26.2996346],[-48.8519844,-26.299692],[-48.851775,-26.2997721],[-48.8516799,-26.299812],[-48.8516058,-26.2998474],[-48.8515313,-26.2998886],[-48.8513843,-26.299985],[-48.8511266,-26.3001543],[-48.8509073,-26.3002912],[-48.8506834,-26.300431]]}},{"type":"Feature","properties":{"osmId":"way/264519107","highway":"residential","name":"Rua General Andrade Neves"},"geometry":{"type":"LineString","coordinates":[[-48.8637904,-26.280881],[-48.8624452,-26.2807653]]}},{"type":"Feature","properties":{"osmId":"way/264551761","highway":"residential","name":"Rua Criciúma"},"geometry":{"type":"LineString","coordinates":[[-48.8601293,-26.294014],[-48.860111,-26.2937299],[-48.8600604,-26.2930395]]}},{"type":"Feature","properties":{"osmId":"way/264551766","highway":"primary","name":"Rua Max Colin"},"geometry":{"type":"LineString","coordinates":[[-48.8601293,-26.294014],[-48.8602787,-26.294004],[-48.8605221,-26.2939878],[-48.8606187,-26.2939814],[-48.8607114,-26.2939752],[-48.8608908,-26.2939648],[-48.8616738,-26.2939111],[-48.8618708,-26.293898]]}},{"type":"Feature","properties":{"osmId":"way/264551772","highway":"primary","name":"Rua XV de Novembro"},"geometry":{"type":"LineString","coordinates":[[-48.8599301,-26.2980105],[-48.8597217,-26.2980822],[-48.8596263,-26.2981162],[-48.8594855,-26.2981723],[-48.8594041,-26.2982084],[-48.8593239,-26.2982497],[-48.8592112,-26.2983197],[-48.8587749,-26.2986133],[-48.8587037,-26.2986526],[-48.8586046,-26.2986945],[-48.858502,-26.2987237],[-48.8584942,-26.2987251],[-48.8583874,-26.2987443],[-48.8582821,-26.2987526],[-48.8581802,-26.2987526],[-48.8580949,-26.298745],[-48.8580158,-26.2987368],[-48.8579213,-26.2987205],[-48.8571145,-26.2985249],[-48.8570521,-26.2985136],[-48.8569732,-26.2985025],[-48.85688,-26.2984995],[-48.8567652,-26.2985063],[-48.8559926,-26.2985694],[-48.8558176,-26.2985892],[-48.8555776,-26.2986211],[-48.8552155,-26.298671]]}},{"type":"Feature","properties":{"osmId":"way/265006631","highway":"primary","name":"Rua Doutor João Colin"},"geometry":{"type":"LineString","coordinates":[[-48.8479367,-26.2948237],[-48.8479482,-26.2947224],[-48.8479648,-26.2945763],[-48.8479962,-26.2943004],[-48.8480069,-26.2942058],[-48.8480449,-26.2938717],[-48.8480533,-26.2937978],[-48.8480828,-26.2935376],[-48.8480888,-26.2934751],[-48.8481391,-26.2930422],[-48.8481712,-26.2927594]]}},{"type":"Feature","properties":{"osmId":"way/265321525","highway":"primary","name":"Rua Doutor João Colin"},"geometry":{"type":"LineString","coordinates":[[-48.8491439,-26.284197],[-48.8491919,-26.2837196]]}},{"type":"Feature","properties":{"osmId":"way/265891257","highway":"residential","name":"Rua Cruz e Souza"},"geometry":{"type":"LineString","coordinates":[[-48.8579312,-26.301688],[-48.8580411,-26.3029991]]}},{"type":"Feature","properties":{"osmId":"way/265891259","highway":"residential","name":"Servidão Raul Augusto Schramm"},"geometry":{"type":"LineString","coordinates":[[-48.8628686,-26.2884487],[-48.863381,-26.2884127]]}},{"type":"Feature","properties":{"osmId":"way/266634556","highway":"residential","name":"Rua Alvin Vogelsanger"},"geometry":{"type":"LineString","coordinates":[[-48.8545216,-26.2996327],[-48.8545538,-26.3011187]]}},{"type":"Feature","properties":{"osmId":"way/266634561","highway":"residential","name":"Rua Eduardo Krisch"},"geometry":{"type":"LineString","coordinates":[[-48.8444974,-26.2950556],[-48.8444953,-26.2949696],[-48.8444633,-26.293684]]}},{"type":"Feature","properties":{"osmId":"way/266634562","highway":"residential","name":"Rua Henrique Jorge Vogelsanger"},"geometry":{"type":"LineString","coordinates":[[-48.8548493,-26.2987203],[-48.8548564,-26.2995547],[-48.854846,-26.2995904],[-48.8548243,-26.2996135],[-48.8548004,-26.2996216],[-48.8545216,-26.2996327],[-48.8540749,-26.2996496]]}},{"type":"Feature","properties":{"osmId":"way/266634563","highway":"residential","name":"Rua Vargeão"},"geometry":{"type":"LineString","coordinates":[[-48.8436143,-26.2951145],[-48.8436063,-26.2948601],[-48.8435908,-26.2943636],[-48.8435714,-26.2937426]]}},{"type":"Feature","properties":{"osmId":"way/270253741","highway":"primary","name":"Rua Blumenau"},"geometry":{"type":"LineString","coordinates":[[-48.8510472,-26.2746366],[-48.850963,-26.2754881],[-48.8509021,-26.2761035],[-48.8508346,-26.2767859],[-48.8508067,-26.2770681],[-48.8507578,-26.2775619],[-48.8506681,-26.278469],[-48.8505977,-26.27918]]}},{"type":"Feature","properties":{"osmId":"way/270767183","highway":"secondary","name":"Rua Itaiópolis"},"geometry":{"type":"LineString","coordinates":[[-48.8433029,-26.2874443],[-48.8431812,-26.2874506]]}},{"type":"Feature","properties":{"osmId":"way/272205890","highway":"residential","name":"Rua Almirante Barroso"},"geometry":{"type":"LineString","coordinates":[[-48.8502886,-26.2823031],[-48.8504147,-26.282313],[-48.8507414,-26.2823387],[-48.8509136,-26.2823522],[-48.851001,-26.2823591],[-48.8511092,-26.2823676],[-48.851263,-26.2823797],[-48.8516084,-26.2824068],[-48.8522784,-26.2824594]]}},{"type":"Feature","properties":{"osmId":"way/272742978","highway":"primary","name":"Rua Doutor João Colin"},"geometry":{"type":"LineString","coordinates":[[-48.8493415,-26.2822288],[-48.8493962,-26.2816847],[-48.8494266,-26.2813819],[-48.849434,-26.2813076],[-48.8494596,-26.2810532],[-48.8494742,-26.2809073],[-48.8495048,-26.2806026],[-48.849512,-26.2805384],[-48.8495168,-26.2804829],[-48.8495745,-26.2799079],[-48.849653,-26.279126],[-48.8497249,-26.2784102],[-48.8497519,-26.2781409],[-48.8497767,-26.277894],[-48.8498017,-26.2776458],[-48.8498155,-26.2775076]]}},{"type":"Feature","properties":{"osmId":"way/273631556","highway":"primary","name":"Rua Blumenau"},"geometry":{"type":"LineString","coordinates":[[-48.8501675,-26.293668],[-48.850235,-26.294585],[-48.8502415,-26.2946731]]}},{"type":"Feature","properties":{"osmId":"way/273631557","highway":"residential","name":"Rua Dom Pedro II"},"geometry":{"type":"LineString","coordinates":[[-48.8465679,-26.2820109],[-48.8464852,-26.2828435]]}},{"type":"Feature","properties":{"osmId":"way/273631560","highway":"secondary","name":"Rua Timbó"},"geometry":{"type":"LineString","coordinates":[[-48.8501675,-26.293668],[-48.8480533,-26.2937978]]}},{"type":"Feature","properties":{"osmId":"way/277923209","highway":"tertiary","name":"Rua Jaraguá"},"geometry":{"type":"LineString","coordinates":[[-48.8538245,-26.2921089],[-48.8538521,-26.2924478],[-48.8539323,-26.2934002],[-48.8539347,-26.2934286]]}},{"type":"Feature","properties":{"osmId":"way/277923217","highway":"service"},"geometry":{"type":"LineString","coordinates":[[-48.8555776,-26.2986211],[-48.8555841,-26.2983077]]}},{"type":"Feature","properties":{"osmId":"way/277923219","highway":"path"},"geometry":{"type":"LineString","coordinates":[[-48.8555929,-26.2980778],[-48.8556777,-26.2980211],[-48.8556763,-26.2978852]]}},{"type":"Feature","properties":{"osmId":"way/277923221","highway":"path"},"geometry":{"type":"LineString","coordinates":[[-48.8555841,-26.2983077],[-48.855587,-26.2982308],[-48.8555929,-26.2980778],[-48.8554578,-26.297959]]}},{"type":"Feature","properties":{"osmId":"way/286141867","highway":"proposed"},"geometry":{"type":"LineString","coordinates":[[-48.8646285,-26.2965046],[-48.8645218,-26.2947777],[-48.864398,-26.2927738],[-48.8641136,-26.2884947],[-48.8638609,-26.2857186],[-48.8637378,-26.2839242],[-48.8637365,-26.2833833],[-48.8637346,-26.2826303],[-48.8635784,-26.2808469],[-48.8631375,-26.27358],[-48.8631291,-26.2734535],[-48.8627174,-26.2705964],[-48.8626857,-26.2703946],[-48.862482,-26.2690986],[-48.8623512,-26.2682355]]}},{"type":"Feature","properties":{"osmId":"way/286141879","highway":"footway"},"geometry":{"type":"LineString","coordinates":[[-48.8640008,-26.2835246],[-48.8638204,-26.2834397]]}},{"type":"Feature","properties":{"osmId":"way/302047459","highway":"residential","name":"Rua Emma Kopke"},"geometry":{"type":"LineString","coordinates":[[-48.8579753,-26.2884059],[-48.8565977,-26.2885204]]}},{"type":"Feature","properties":{"osmId":"way/302047460","highway":"residential","name":"Rua Doutor Fritz Müller"},"geometry":{"type":"LineString","coordinates":[[-48.8579237,-26.287811],[-48.8579753,-26.2884059]]}},{"type":"Feature","properties":{"osmId":"way/313193183","highway":"bus_stop"},"geometry":{"type":"LineString","coordinates":[[-48.8453587,-26.2884642],[-48.8453608,-26.2884914]]}},{"type":"Feature","properties":{"osmId":"way/313193185","highway":"bus_stop"},"geometry":{"type":"LineString","coordinates":[[-48.8451974,-26.2882555],[-48.8451974,-26.2882214]]}},{"type":"Feature","properties":{"osmId":"way/313193186","highway":"bus_stop"},"geometry":{"type":"LineString","coordinates":[[-48.8530187,-26.2892573],[-48.8530483,-26.289253]]}},{"type":"Feature","properties":{"osmId":"way/313193187","highway":"primary","name":"Avenida José Vieira"},"geometry":{"type":"LineString","coordinates":[[-48.8432502,-26.2920289],[-48.8432496,-26.2921123]]}},{"type":"Feature","properties":{"osmId":"way/313193188","highway":"primary","name":"Avenida José Vieira"},"geometry":{"type":"LineString","coordinates":[[-48.8431518,-26.2921149],[-48.8431535,-26.2920315]]}},{"type":"Feature","properties":{"osmId":"way/313193190","highway":"primary","name":"Avenida José Vieira"},"geometry":{"type":"LineString","coordinates":[[-48.8431535,-26.2920315],[-48.8431803,-26.2875972],[-48.8431804,-26.2875501],[-48.8431812,-26.2874506]]}},{"type":"Feature","properties":{"osmId":"way/313193191","highway":"bus_stop","name":"João Colin 04"},"geometry":{"type":"LineString","coordinates":[[-48.8484345,-26.2903734],[-48.8484389,-26.2903378]]}},{"type":"Feature","properties":{"osmId":"way/313193192","highway":"bus_stop","name":"João Colin 05"},"geometry":{"type":"LineString","coordinates":[[-48.8488317,-26.2866793],[-48.8488345,-26.2866523]]}},{"type":"Feature","properties":{"osmId":"way/313193193","highway":"tertiary","name":"Rua Araranguá"},"geometry":{"type":"LineString","coordinates":[[-48.8498783,-26.2897395],[-48.8499839,-26.2897241],[-48.8508768,-26.289592],[-48.8513331,-26.2895245],[-48.8522729,-26.289386],[-48.8528087,-26.2893061],[-48.8528356,-26.2893022],[-48.8530373,-26.2892723],[-48.8531714,-26.2892525],[-48.853421,-26.2892156],[-48.8534847,-26.2892267],[-48.8535375,-26.2892576]]}},{"type":"Feature","properties":{"osmId":"way/313193195","highway":"secondary","name":"Rua Itaiópolis"},"geometry":{"type":"LineString","coordinates":[[-48.8430868,-26.2874555],[-48.8430687,-26.2874564]]}},{"type":"Feature","properties":{"osmId":"way/313193196","highway":"secondary","name":"Rua Orestes Guimarães"},"geometry":{"type":"LineString","coordinates":[[-48.8455021,-26.2914962],[-48.8454944,-26.2913871]]}},{"type":"Feature","properties":{"osmId":"way/313193197","highway":"secondary","name":"Rua Orestes Guimarães"},"geometry":{"type":"LineString","coordinates":[[-48.845679,-26.2939913],[-48.845643,-26.2934838],[-48.8456042,-26.2929207],[-48.8455976,-26.2928289],[-48.8455522,-26.2922022],[-48.8455465,-26.2921223],[-48.8455425,-26.2920655],[-48.8455367,-26.2919801],[-48.84553,-26.2918892],[-48.8455197,-26.2917445],[-48.8455133,-26.2916542],[-48.8455021,-26.2914962]]}},{"type":"Feature","properties":{"osmId":"way/313193198","highway":"footway"},"geometry":{"type":"LineString","coordinates":[[-48.8430492,-26.2921255],[-48.8430498,-26.2920361]]}},{"type":"Feature","properties":{"osmId":"way/313193199","highway":"footway"},"geometry":{"type":"LineString","coordinates":[[-48.8430498,-26.2920361],[-48.8430859,-26.2875549],[-48.8430868,-26.2874555],[-48.8430868,-26.2873432],[-48.8431198,-26.2866602],[-48.8432062,-26.28559]]}},{"type":"Feature","properties":{"osmId":"way/313193200","highway":"footway","name":"Passarela Charlot"},"geometry":{"type":"LineString","coordinates":[[-48.8429917,-26.2926278],[-48.8430451,-26.2926283],[-48.8431352,-26.2926291]]}},{"type":"Feature","properties":{"osmId":"way/313193201","highway":"footway","name":"Passarela Charlot"},"geometry":{"type":"LineString","coordinates":[[-48.8427125,-26.2926253],[-48.8429917,-26.2926278]]}},{"type":"Feature","properties":{"osmId":"way/313489369","highway":"tertiary","name":"Rua Jaraguá"},"geometry":{"type":"LineString","coordinates":[[-48.8540183,-26.2944212],[-48.8541145,-26.2955637],[-48.8541963,-26.2965355]]}},{"type":"Feature","properties":{"osmId":"way/313489371","highway":"tertiary","name":"Rua Aquidaban"},"geometry":{"type":"LineString","coordinates":[[-48.8602614,-26.2984105],[-48.860265,-26.2980237],[-48.8602545,-26.2979601],[-48.8602343,-26.2979085]]}},{"type":"Feature","properties":{"osmId":"way/326480335","highway":"unclassified"},"geometry":{"type":"LineString","coordinates":[[-48.8487597,-26.2774468],[-48.8487378,-26.2774959],[-48.8482091,-26.2786822]]}},{"type":"Feature","properties":{"osmId":"way/327510108","highway":"primary","name":"Rua Blumenau"},"geometry":{"type":"LineString","coordinates":[[-48.8497394,-26.2878525],[-48.8498729,-26.2896668],[-48.8498783,-26.2897395],[-48.8499547,-26.2907779],[-48.8499826,-26.2911565],[-48.8500685,-26.2923238],[-48.8501125,-26.2929212],[-48.8501675,-26.293668]]}},{"type":"Feature","properties":{"osmId":"way/327510109","highway":"residential","name":"Rua General Osório"},"geometry":{"type":"LineString","coordinates":[[-48.8497394,-26.2878525],[-48.8487335,-26.2878096]]}},{"type":"Feature","properties":{"osmId":"way/327510110","highway":"primary","name":"Rua Blumenau"},"geometry":{"type":"LineString","coordinates":[[-48.8498751,-26.2864817],[-48.8498245,-26.2869922],[-48.8498047,-26.2871921],[-48.8497394,-26.2878525]]}},{"type":"Feature","properties":{"osmId":"way/327510111","highway":"residential","name":"Rua Tubarão"},"geometry":{"type":"LineString","coordinates":[[-48.8498751,-26.2864817],[-48.8512941,-26.286541],[-48.8512994,-26.2867345],[-48.8513216,-26.2868127],[-48.8513578,-26.2868662],[-48.8514268,-26.286922],[-48.8515174,-26.2869528],[-48.8516481,-26.2869666],[-48.8529664,-26.2870448],[-48.8541479,-26.2871049],[-48.8543504,-26.2871109],[-48.8544899,-26.2871013],[-48.854612,-26.2870616],[-48.8546952,-26.2870234],[-48.854797,-26.2869642],[-48.8549245,-26.2868739],[-48.8551578,-26.2866889]]}},{"type":"Feature","properties":{"osmId":"way/327836164","highway":"primary","name":"Avenida José Vieira"},"geometry":{"type":"LineString","coordinates":[[-48.8434592,-26.285069],[-48.8434323,-26.2853946]]}},{"type":"Feature","properties":{"osmId":"way/327872549","highway":"residential","name":"Rua Pará"},"geometry":{"type":"LineString","coordinates":[[-48.8505977,-26.27918],[-48.849653,-26.279126]]}},{"type":"Feature","properties":{"osmId":"way/327872551","highway":"residential","name":"Rua General Andrade Neves"},"geometry":{"type":"LineString","coordinates":[[-48.8495745,-26.2799079],[-48.8489744,-26.2798678]]}},{"type":"Feature","properties":{"osmId":"way/327872554","highway":"primary","name":"Rua Blumenau"},"geometry":{"type":"LineString","coordinates":[[-48.8505977,-26.27918],[-48.8505194,-26.279971],[-48.850463,-26.2805406],[-48.8503793,-26.2813869]]}},{"type":"Feature","properties":{"osmId":"way/327872558","highway":"residential","name":"Rua Emílio Artmann"},"geometry":{"type":"LineString","coordinates":[[-48.8501125,-26.2929212],[-48.8510057,-26.2928655]]}},{"type":"Feature","properties":{"osmId":"way/331952361","highway":"residential"},"geometry":{"type":"LineString","coordinates":[[-48.8630664,-26.2791901],[-48.8627209,-26.2791372],[-48.8619667,-26.2790218]]}},{"type":"Feature","properties":{"osmId":"way/339390861","highway":"residential","name":"Alameda Rolf Colin"},"geometry":{"type":"LineString","coordinates":[[-48.8456042,-26.2929207],[-48.8455382,-26.2928996],[-48.8454799,-26.292888],[-48.8448991,-26.2929122]]}},{"type":"Feature","properties":{"osmId":"way/349687944","highway":"residential","name":"Rua Rodolfo Piaz"},"geometry":{"type":"LineString","coordinates":[[-48.8627541,-26.2875404],[-48.863412,-26.2875133]]}},{"type":"Feature","properties":{"osmId":"way/359603154","highway":"primary","name":"Avenida José Vieira"},"geometry":{"type":"LineString","coordinates":[[-48.8433011,-26.2855215],[-48.8433253,-26.2851898]]}},{"type":"Feature","properties":{"osmId":"way/359603155","highway":"primary","name":"Avenida José Vieira"},"geometry":{"type":"LineString","coordinates":[[-48.8433312,-26.2865737],[-48.8433094,-26.2868998],[-48.8433074,-26.2870883],[-48.8433076,-26.2872654],[-48.8433061,-26.2873319],[-48.8433029,-26.2874443]]}},{"type":"Feature","properties":{"osmId":"way/359603168","highway":"secondary","name":"Rua Padre Antônio Vieira"},"geometry":{"type":"LineString","coordinates":[[-48.8450153,-26.2834349],[-48.845158,-26.2834436]]}},{"type":"Feature","properties":{"osmId":"way/359603171","highway":"footway"},"geometry":{"type":"LineString","coordinates":[[-48.8432062,-26.28559],[-48.8432317,-26.2852989]]}},{"type":"Feature","properties":{"osmId":"way/359633970","highway":"residential","name":"Rua Alceu Koehntopp"},"geometry":{"type":"LineString","coordinates":[[-48.8625922,-26.2912066],[-48.8625975,-26.2912974]]}},{"type":"Feature","properties":{"osmId":"way/359633972","highway":"residential","name":"Rua Alceu Koehntopp"},"geometry":{"type":"LineString","coordinates":[[-48.8625975,-26.2912974],[-48.8626257,-26.2918636],[-48.8626761,-26.2928733]]}},{"type":"Feature","properties":{"osmId":"way/359633977","highway":"residential","name":"Rua Criciúma"},"geometry":{"type":"LineString","coordinates":[[-48.8600559,-26.292973],[-48.8600478,-26.2928586]]}},{"type":"Feature","properties":{"osmId":"way/359633978","highway":"residential","name":"Rua Criciúma"},"geometry":{"type":"LineString","coordinates":[[-48.8600478,-26.2928586],[-48.8599983,-26.292129]]}},{"type":"Feature","properties":{"osmId":"way/359633980","highway":"primary","name":"Rua Doutor João Colin"},"geometry":{"type":"LineString","coordinates":[[-48.8484452,-26.2903482],[-48.8484585,-26.2902307]]}},{"type":"Feature","properties":{"osmId":"way/359633982","highway":"primary","name":"Rua Doutor João Colin"},"geometry":{"type":"LineString","coordinates":[[-48.8484585,-26.2902307],[-48.848482,-26.2900242],[-48.8484839,-26.2900075],[-48.8484879,-26.2899715],[-48.8484912,-26.2899432]]}},{"type":"Feature","properties":{"osmId":"way/359633983","highway":"tertiary","name":"Rua Frederico Hubner"},"geometry":{"type":"LineString","coordinates":[[-48.8510648,-26.2922668],[-48.8508145,-26.2922811]]}},{"type":"Feature","properties":{"osmId":"way/359633984","highway":"tertiary","name":"Rua Frederico Hubner"},"geometry":{"type":"LineString","coordinates":[[-48.8508145,-26.2922811],[-48.8507581,-26.2922844],[-48.8500685,-26.2923238],[-48.8482086,-26.2924303]]}},{"type":"Feature","properties":{"osmId":"way/359633985","highway":"residential","name":"Rua Orleans"},"geometry":{"type":"LineString","coordinates":[[-48.8575966,-26.2929194],[-48.8576083,-26.2930554]]}},{"type":"Feature","properties":{"osmId":"way/359633986","highway":"residential","name":"Rua Orleans"},"geometry":{"type":"LineString","coordinates":[[-48.8576083,-26.2930554],[-48.8576203,-26.2931945]]}},{"type":"Feature","properties":{"osmId":"way/359633987","highway":"residential","name":"Rua Padre Anchieta"},"geometry":{"type":"LineString","coordinates":[[-48.8615888,-26.2916151],[-48.8617515,-26.2929321]]}},{"type":"Feature","properties":{"osmId":"way/359633988","highway":"residential","name":"Rua Padre Anchieta"},"geometry":{"type":"LineString","coordinates":[[-48.8615747,-26.2915007],[-48.8615888,-26.2916151]]}},{"type":"Feature","properties":{"osmId":"way/359633989","highway":"residential","name":"Rua Presidente Castelo Branco"},"geometry":{"type":"LineString","coordinates":[[-48.8567838,-26.2931655],[-48.8567903,-26.2932472]]}},{"type":"Feature","properties":{"osmId":"way/359633990","highway":"residential","name":"Rua Presidente Castelo Branco"},"geometry":{"type":"LineString","coordinates":[[-48.8567752,-26.2930582],[-48.8567838,-26.2931655]]}},{"type":"Feature","properties":{"osmId":"way/359633991","highway":"residential","name":"Rua Presidente Costa e Silva"},"geometry":{"type":"LineString","coordinates":[[-48.8560292,-26.2932464],[-48.8560225,-26.2931332]]}},{"type":"Feature","properties":{"osmId":"way/359633992","highway":"residential","name":"Rua Presidente Costa e Silva"},"geometry":{"type":"LineString","coordinates":[[-48.8560225,-26.2931332],[-48.8559132,-26.2912958],[-48.8558988,-26.2912147],[-48.8558793,-26.291154],[-48.8558451,-26.2910933],[-48.8554461,-26.290575],[-48.8554268,-26.2905315],[-48.8554086,-26.290462],[-48.8553999,-26.2903748],[-48.8553549,-26.2896969]]}},{"type":"Feature","properties":{"osmId":"way/359633993","highway":"residential","name":"Rua do Atleta"},"geometry":{"type":"LineString","coordinates":[[-48.85901,-26.292891],[-48.8590229,-26.2930585]]}},{"type":"Feature","properties":{"osmId":"way/359633994","highway":"residential","name":"Rua do Atleta"},"geometry":{"type":"LineString","coordinates":[[-48.8590229,-26.2930585],[-48.8590266,-26.2931052]]}},{"type":"Feature","properties":{"osmId":"way/360067644","highway":"residential"},"geometry":{"type":"LineString","coordinates":[[-48.859032,-26.2824021],[-48.8590208,-26.2824838],[-48.8590033,-26.2825596],[-48.8589926,-26.2827869]]}},{"type":"Feature","properties":{"osmId":"way/362180310","highway":"residential"},"geometry":{"type":"LineString","coordinates":[[-48.8554461,-26.290575],[-48.8553643,-26.2905943],[-48.8551618,-26.2906448],[-48.8550934,-26.2906784],[-48.8550411,-26.2907349],[-48.855021,-26.2908023],[-48.8550062,-26.2913767]]}},{"type":"Feature","properties":{"osmId":"way/362180312","highway":"residential"},"geometry":{"type":"LineString","coordinates":[[-48.854748,-26.2923958],[-48.8547568,-26.2924868],[-48.8547742,-26.2928451]]}},{"type":"Feature","properties":{"osmId":"way/362180313","highway":"residential","name":"Servidão Bioma"},"geometry":{"type":"LineString","coordinates":[[-48.8537387,-26.2911018],[-48.8545858,-26.2910467]]}},{"type":"Feature","properties":{"osmId":"way/362183825","highway":"residential","name":"Servidão Deputado Guilherme Urban"},"geometry":{"type":"LineString","coordinates":[[-48.8499826,-26.2911565],[-48.850077,-26.2911353],[-48.8504969,-26.291089],[-48.8517205,-26.2910091]]}},{"type":"Feature","properties":{"osmId":"way/384959940","highway":"tertiary","name":"Rua Conselheiro Arp"},"geometry":{"type":"LineString","coordinates":[[-48.8526843,-26.2945102],[-48.8526762,-26.2944193],[-48.8525964,-26.2935136]]}},{"type":"Feature","properties":{"osmId":"way/431795623","highway":"residential","name":"Servidão Pascual Arp"},"geometry":{"type":"LineString","coordinates":[[-48.8590917,-26.2846477],[-48.8591624,-26.285316]]}},{"type":"Feature","properties":{"osmId":"way/431795625","highway":"residential","name":"Rua Karl Kumlehn"},"geometry":{"type":"LineString","coordinates":[[-48.8635585,-26.2912976],[-48.8636071,-26.2921751]]}},{"type":"Feature","properties":{"osmId":"way/431795626","highway":"residential","name":"Rua Karl Kumlehn"},"geometry":{"type":"LineString","coordinates":[[-48.8635524,-26.2911886],[-48.8635585,-26.2912976]]}},{"type":"Feature","properties":{"osmId":"way/431795627","highway":"residential","name":"Rua Helena Monich"},"geometry":{"type":"LineString","coordinates":[[-48.8609041,-26.2929859],[-48.8608732,-26.292596]]}},{"type":"Feature","properties":{"osmId":"way/431795628","highway":"residential"},"geometry":{"type":"LineString","coordinates":[[-48.8608908,-26.2939648],[-48.8608453,-26.2934586]]}},{"type":"Feature","properties":{"osmId":"way/432299574","highway":"residential","name":"Rua Erwin Stricker"},"geometry":{"type":"LineString","coordinates":[[-48.8438299,-26.2853661],[-48.8444316,-26.2853464]]}},{"type":"Feature","properties":{"osmId":"way/438349403","highway":"residential","name":"Rua General Andrade Neves"},"geometry":{"type":"LineString","coordinates":[[-48.8495745,-26.2799079],[-48.8505194,-26.279971]]}},{"type":"Feature","properties":{"osmId":"way/441726309","highway":"residential","name":"Rua Augusto Urban"},"geometry":{"type":"LineString","coordinates":[[-48.845643,-26.2934838],[-48.846263,-26.2934463]]}},{"type":"Feature","properties":{"osmId":"way/441726310","highway":"residential","name":"Rua Almirante Tamandaré"},"geometry":{"type":"LineString","coordinates":[[-48.843858,-26.2850936],[-48.8439029,-26.2850567],[-48.8439526,-26.2850324],[-48.8440086,-26.2850218],[-48.8450392,-26.2849645],[-48.8490806,-26.2847546]]}},{"type":"Feature","properties":{"osmId":"way/441726312","highway":"residential","name":"Rua Araquari"},"geometry":{"type":"LineString","coordinates":[[-48.8552383,-26.2918543],[-48.8552782,-26.292365],[-48.8553544,-26.2933384]]}},{"type":"Feature","properties":{"osmId":"way/441726313","highway":"residential","name":"Servidão Harry Paul"},"geometry":{"type":"LineString","coordinates":[[-48.8598014,-26.2921414],[-48.8599983,-26.292129],[-48.8607173,-26.2920836]]}},{"type":"Feature","properties":{"osmId":"way/441726315","highway":"residential","name":"Servidão Ernesto Wunderlich"},"geometry":{"type":"LineString","coordinates":[[-48.8529877,-26.2979517],[-48.8524768,-26.2979866],[-48.8524404,-26.2979861],[-48.8524136,-26.297981],[-48.8523943,-26.2979729],[-48.8523745,-26.2979578],[-48.8523566,-26.2979403],[-48.8523371,-26.2979252],[-48.852309,-26.2979168],[-48.8518104,-26.2978919]]}},{"type":"Feature","properties":{"osmId":"way/444092042","highway":"residential"},"geometry":{"type":"LineString","coordinates":[[-48.8570432,-26.2991495],[-48.8576087,-26.2991789]]}},{"type":"Feature","properties":{"osmId":"way/456081689","highway":"service"},"geometry":{"type":"LineString","coordinates":[[-48.8486716,-26.2860595],[-48.8486855,-26.2858685],[-48.8489526,-26.2858808]]}},{"type":"Feature","properties":{"osmId":"way/456464691","highway":"secondary","name":"Rua Benjamin Constant"},"geometry":{"type":"LineString","coordinates":[[-48.8500969,-26.2842398],[-48.8500073,-26.2842362],[-48.8499237,-26.2842324],[-48.8496802,-26.2842213],[-48.8494617,-26.2842114],[-48.8493034,-26.2842043],[-48.8492704,-26.2842028],[-48.8491439,-26.284197]]}},{"type":"Feature","properties":{"osmId":"way/456464692","highway":"primary","name":"Rua Blumenau"},"geometry":{"type":"LineString","coordinates":[[-48.8500969,-26.2842398],[-48.8500704,-26.2845078],[-48.8500462,-26.2847528],[-48.8498751,-26.2864817]]}},{"type":"Feature","properties":{"osmId":"way/456467505","highway":"service"},"geometry":{"type":"LineString","coordinates":[[-48.8491071,-26.2845212],[-48.8492241,-26.2844287],[-48.849321,-26.2843811],[-48.8494535,-26.2843815]]}},{"type":"Feature","properties":{"osmId":"way/456467506","highway":"service"},"geometry":{"type":"LineString","coordinates":[[-48.8494535,-26.2843815],[-48.8495777,-26.2843958],[-48.8495748,-26.2844265],[-48.8495882,-26.2844632],[-48.8496594,-26.2844818],[-48.8497752,-26.2844889],[-48.8499335,-26.2845016],[-48.8500704,-26.2845078]]}},{"type":"Feature","properties":{"osmId":"way/456746529","highway":"service"},"geometry":{"type":"LineString","coordinates":[[-48.8477188,-26.2860953],[-48.8475137,-26.2860986]]}},{"type":"Feature","properties":{"osmId":"way/456746530","highway":"service"},"geometry":{"type":"LineString","coordinates":[[-48.8475137,-26.2860986],[-48.8474634,-26.2859909],[-48.847451,-26.2857282],[-48.8474545,-26.2857113],[-48.8474652,-26.2856971],[-48.8475407,-26.2856957],[-48.8475544,-26.2857089],[-48.8475592,-26.285724],[-48.8475604,-26.2859917],[-48.8475137,-26.2860986]]}},{"type":"Feature","properties":{"osmId":"way/456747659","highway":"service"},"geometry":{"type":"LineString","coordinates":[[-48.8432305,-26.292851],[-48.8434959,-26.2930969]]}},{"type":"Feature","properties":{"osmId":"way/456747660","highway":"service"},"geometry":{"type":"LineString","coordinates":[[-48.8444633,-26.293684],[-48.8435714,-26.2937426],[-48.8434746,-26.2937329],[-48.8434406,-26.2937138],[-48.8434204,-26.2936807],[-48.8433853,-26.2932784],[-48.843392,-26.293229],[-48.8434151,-26.2931829],[-48.8434959,-26.2930969]]}},{"type":"Feature","properties":{"osmId":"way/456864215","highway":"service"},"geometry":{"type":"LineString","coordinates":[[-48.845679,-26.2939913],[-48.8459716,-26.2939725],[-48.8463291,-26.2939496]]}},{"type":"Feature","properties":{"osmId":"way/456864216","highway":"service"},"geometry":{"type":"LineString","coordinates":[[-48.8480828,-26.2935376],[-48.8478788,-26.2935626],[-48.8478294,-26.2935683]]}},{"type":"Feature","properties":{"osmId":"way/456864469","highway":"service"},"geometry":{"type":"LineString","coordinates":[[-48.8432779,-26.2898754],[-48.8436133,-26.2898595]]}},{"type":"Feature","properties":{"osmId":"way/457099667","highway":"service"},"geometry":{"type":"LineString","coordinates":[[-48.8434959,-26.2930969],[-48.8435908,-26.2931457],[-48.843686,-26.2931733],[-48.8438117,-26.2931844],[-48.8440465,-26.2931731],[-48.8441584,-26.293154],[-48.8442366,-26.2931328],[-48.8444078,-26.2930566],[-48.8444259,-26.2931516],[-48.8444633,-26.293684]]}},{"type":"Feature","properties":{"osmId":"way/457099668","highway":"service"},"geometry":{"type":"LineString","coordinates":[[-48.8444078,-26.2930566],[-48.8444558,-26.2930026],[-48.8445101,-26.2929645],[-48.8445555,-26.2929326],[-48.8446523,-26.2929269],[-48.8446467,-26.2924564],[-48.8447822,-26.2924491],[-48.8447737,-26.2920105]]}},{"type":"Feature","properties":{"osmId":"way/457099669","highway":"service"},"geometry":{"type":"LineString","coordinates":[[-48.8447737,-26.2920105],[-48.8439985,-26.2920636],[-48.8439381,-26.2920696],[-48.8437437,-26.2921165],[-48.8432486,-26.2921511]]}},{"type":"Feature","properties":{"osmId":"way/457099670","highway":"service"},"geometry":{"type":"LineString","coordinates":[[-48.8446523,-26.2929269],[-48.8448333,-26.2929161],[-48.8448991,-26.2929122]]}},{"type":"Feature","properties":{"osmId":"way/458066018","highway":"residential","name":"Rua Eduardo Krisch"},"geometry":{"type":"LineString","coordinates":[[-48.8438647,-26.2859298],[-48.8438299,-26.2853661],[-48.8438192,-26.2851944],[-48.8438317,-26.2851397],[-48.843858,-26.2850936]]}},{"type":"Feature","properties":{"osmId":"way/458109272","highway":"service"},"geometry":{"type":"LineString","coordinates":[[-48.8459863,-26.288676],[-48.8459439,-26.2881855]]}},{"type":"Feature","properties":{"osmId":"way/458235236","highway":"service"},"geometry":{"type":"LineString","coordinates":[[-48.844876,-26.2873631],[-48.844844,-26.2874208],[-48.8448112,-26.287438],[-48.8447671,-26.2874537],[-48.844732,-26.2874764],[-48.8447126,-26.2875005],[-48.8446538,-26.2876453]]}},{"type":"Feature","properties":{"osmId":"way/458235237","highway":"service"},"geometry":{"type":"LineString","coordinates":[[-48.8446538,-26.2876453],[-48.8446299,-26.2873758]]}},{"type":"Feature","properties":{"osmId":"way/458235238","highway":"service"},"geometry":{"type":"LineString","coordinates":[[-48.8446538,-26.2876453],[-48.8446594,-26.2877083],[-48.8446747,-26.2882409],[-48.8441029,-26.2882549],[-48.8438507,-26.2882785],[-48.8435171,-26.288294],[-48.8434969,-26.2875985],[-48.8435116,-26.2875708],[-48.8435425,-26.287554],[-48.8437128,-26.287545],[-48.843751,-26.2875233],[-48.8437732,-26.2874891],[-48.843772,-26.2874201]]}},{"type":"Feature","properties":{"osmId":"way/459067220","highway":"residential"},"geometry":{"type":"LineString","coordinates":[[-48.8530287,-26.2877191],[-48.8525145,-26.2876833]]}},{"type":"Feature","properties":{"osmId":"way/459253745","highway":"tertiary","name":"Rua Padre Antônio Vieira"},"geometry":{"type":"LineString","coordinates":[[-48.8464168,-26.283531],[-48.8452755,-26.2834535]]}},{"type":"Feature","properties":{"osmId":"way/459253746","highway":"residential","name":"Rua Dom Pedro II"},"geometry":{"type":"LineString","coordinates":[[-48.8464852,-26.2828435],[-48.8464168,-26.283531]]}},{"type":"Feature","properties":{"osmId":"way/459253747","highway":"tertiary","name":"Rua Marconi"},"geometry":{"type":"LineString","coordinates":[[-48.8452296,-26.2833717],[-48.8456221,-26.2827706]]}},{"type":"Feature","properties":{"osmId":"way/459253748","highway":"secondary","name":"Rua Itaiópolis"},"geometry":{"type":"LineString","coordinates":[[-48.8488076,-26.2871572],[-48.8453525,-26.2873385],[-48.845208,-26.2873459]]}},{"type":"Feature","properties":{"osmId":"way/470767565","highway":"service"},"geometry":{"type":"LineString","coordinates":[[-48.8456928,-26.2886901],[-48.8456402,-26.2881769],[-48.8456331,-26.2881023],[-48.8456277,-26.28802],[-48.8454068,-26.288021]]}},{"type":"Feature","properties":{"osmId":"way/470767566","highway":"service"},"geometry":{"type":"LineString","coordinates":[[-48.8456331,-26.2881023],[-48.8454167,-26.2881056]]}},{"type":"Feature","properties":{"osmId":"way/470767568","highway":"service"},"geometry":{"type":"LineString","coordinates":[[-48.8456402,-26.2881769],[-48.8454212,-26.288184]]}},{"type":"Feature","properties":{"osmId":"way/470767569","highway":"service"},"geometry":{"type":"LineString","coordinates":[[-48.8450454,-26.2906359],[-48.845293,-26.2906287],[-48.8454403,-26.2906233]]}},{"type":"Feature","properties":{"osmId":"way/470767570","highway":"service"},"geometry":{"type":"LineString","coordinates":[[-48.8454922,-26.2913493],[-48.845207,-26.2913679],[-48.8450808,-26.2913783]]}},{"type":"Feature","properties":{"osmId":"way/473906413","highway":"service"},"geometry":{"type":"LineString","coordinates":[[-48.8558176,-26.2985892],[-48.8558324,-26.298686],[-48.8558411,-26.2987647],[-48.8558793,-26.2991591],[-48.8550096,-26.2992048],[-48.8549912,-26.2988384],[-48.8549858,-26.2987963],[-48.8549757,-26.2987055]]}},{"type":"Feature","properties":{"osmId":"way/473906414","highway":"service"},"geometry":{"type":"LineString","coordinates":[[-48.8558411,-26.2987647],[-48.8549912,-26.2988384]]}},{"type":"Feature","properties":{"osmId":"way/473906419","highway":"service"},"geometry":{"type":"LineString","coordinates":[[-48.8558793,-26.2991591],[-48.8563282,-26.2991426],[-48.8562857,-26.2986818]]}},{"type":"Feature","properties":{"osmId":"way/474654092","highway":"residential","name":"Rua Orleans"},"geometry":{"type":"LineString","coordinates":[[-48.8576203,-26.2931945],[-48.8577046,-26.2941756]]}},{"type":"Feature","properties":{"osmId":"way/476441774","highway":"service"},"geometry":{"type":"LineString","coordinates":[[-48.8482122,-26.2903935],[-48.8481741,-26.2903918],[-48.8479231,-26.2904138],[-48.8477312,-26.2904585]]}},{"type":"Feature","properties":{"osmId":"way/478738881","highway":"service"},"geometry":{"type":"LineString","coordinates":[[-48.8455522,-26.2922022],[-48.8461938,-26.2921606]]}},{"type":"Feature","properties":{"osmId":"way/478931084","highway":"service"},"geometry":{"type":"LineString","coordinates":[[-48.8478294,-26.2935683],[-48.8478466,-26.2937911]]}},{"type":"Feature","properties":{"osmId":"way/478931085","highway":"service"},"geometry":{"type":"LineString","coordinates":[[-48.847106,-26.2948818],[-48.8470982,-26.2947999],[-48.847089,-26.2947186]]}},{"type":"Feature","properties":{"osmId":"way/478931086","highway":"service"},"geometry":{"type":"LineString","coordinates":[[-48.847089,-26.2947186],[-48.8472409,-26.294705],[-48.8477839,-26.2946693],[-48.847799,-26.2945717]]}},{"type":"Feature","properties":{"osmId":"way/478931087","highway":"service"},"geometry":{"type":"LineString","coordinates":[[-48.8479962,-26.2943004],[-48.8479144,-26.2943004],[-48.8478406,-26.2943027]]}},{"type":"Feature","properties":{"osmId":"way/478931088","highway":"service"},"geometry":{"type":"LineString","coordinates":[[-48.847799,-26.2945717],[-48.8478771,-26.2945732],[-48.8479648,-26.2945763]]}},{"type":"Feature","properties":{"osmId":"way/478931089","highway":"service"},"geometry":{"type":"LineString","coordinates":[[-48.8472409,-26.294705],[-48.8472533,-26.2947914],[-48.8472659,-26.2948712]]}},{"type":"Feature","properties":{"osmId":"way/479396080","highway":"service"},"geometry":{"type":"LineString","coordinates":[[-48.8471869,-26.2927168],[-48.8473186,-26.2927175]]}},{"type":"Feature","properties":{"osmId":"way/479396081","highway":"service"},"geometry":{"type":"LineString","coordinates":[[-48.8471976,-26.2928206],[-48.8471869,-26.2927168],[-48.8471632,-26.2926091],[-48.8471477,-26.2925813],[-48.8469386,-26.2924025],[-48.8469278,-26.2923846],[-48.8469234,-26.2923665],[-48.8469218,-26.2921822]]}},{"type":"Feature","properties":{"osmId":"way/479938941","highway":"service"},"geometry":{"type":"LineString","coordinates":[[-48.8546173,-26.2971924],[-48.8547115,-26.2971451],[-48.8547511,-26.297126],[-48.8550435,-26.2969918],[-48.855083,-26.2969871],[-48.8551097,-26.2969955],[-48.8551337,-26.2970232],[-48.8553077,-26.2974233],[-48.8553637,-26.2974819],[-48.8554314,-26.2975155],[-48.8555206,-26.2975456],[-48.8556138,-26.2975576],[-48.8557197,-26.2975456],[-48.8561856,-26.2973899],[-48.8562052,-26.2973704],[-48.856199,-26.29734],[-48.8560923,-26.2968549]]}},{"type":"Feature","properties":{"osmId":"way/480143355","highway":"primary","name":"Avenida José Vieira"},"geometry":{"type":"LineString","coordinates":[[-48.8431812,-26.2874506],[-48.8431829,-26.2873383],[-48.8431842,-26.2871645],[-48.8431854,-26.2870388],[-48.8431907,-26.2869073],[-48.8433011,-26.2855215]]}},{"type":"Feature","properties":{"osmId":"way/480143356","highway":"secondary","name":"Rua Itaiópolis"},"geometry":{"type":"LineString","coordinates":[[-48.8431812,-26.2874506],[-48.8430868,-26.2874555]]}},{"type":"Feature","properties":{"osmId":"way/480143357","highway":"primary","name":"Avenida José Vieira"},"geometry":{"type":"LineString","coordinates":[[-48.8429809,-26.2951778],[-48.8430148,-26.2951163],[-48.8430334,-26.295055],[-48.843048,-26.2949936],[-48.8430607,-26.2949069],[-48.8430647,-26.2948189],[-48.8431325,-26.2927127],[-48.8431352,-26.2926291]]}},{"type":"Feature","properties":{"osmId":"way/482122713","highway":"service"},"geometry":{"type":"LineString","coordinates":[[-48.8470808,-26.294617],[-48.8470621,-26.2943769],[-48.8472022,-26.2943702],[-48.8472297,-26.2946318],[-48.8472318,-26.2946487]]}},{"type":"Feature","properties":{"osmId":"way/482972539","highway":"secondary","name":"Rua Timbó"},"geometry":{"type":"LineString","coordinates":[[-48.8645732,-26.2927528],[-48.8638307,-26.2928],[-48.8636424,-26.292812],[-48.8626761,-26.2928733],[-48.8617515,-26.2929321],[-48.8609041,-26.2929859],[-48.8605484,-26.2930119],[-48.8600604,-26.2930395],[-48.8590266,-26.2931052],[-48.8583033,-26.2931511],[-48.8582096,-26.2931571],[-48.8576203,-26.2931945],[-48.8567903,-26.2932472],[-48.8560321,-26.2932954],[-48.8553544,-26.2933384],[-48.8539347,-26.2934286],[-48.8525964,-26.2935136],[-48.8501675,-26.293668]]}},{"type":"Feature","properties":{"osmId":"way/483562281","highway":"service"},"geometry":{"type":"LineString","coordinates":[[-48.8455465,-26.2921223],[-48.8462304,-26.2920855],[-48.8464499,-26.2920741]]}},{"type":"Feature","properties":{"osmId":"way/484758080","highway":"service"},"geometry":{"type":"LineString","coordinates":[[-48.8452599,-26.2834711],[-48.8453053,-26.2835411],[-48.8453798,-26.2836335],[-48.8453972,-26.2836671],[-48.8454013,-26.283714],[-48.8453704,-26.2838565],[-48.845349,-26.2838764],[-48.8453188,-26.2838812],[-48.8451,-26.283843],[-48.8449981,-26.2838178]]}},{"type":"Feature","properties":{"osmId":"way/486972376","highway":"service"},"geometry":{"type":"LineString","coordinates":[[-48.8491039,-26.2845494],[-48.8488067,-26.2845437],[-48.8487316,-26.2845417]]}},{"type":"Feature","properties":{"osmId":"way/487230982","highway":"service"},"geometry":{"type":"LineString","coordinates":[[-48.8634168,-26.2800473],[-48.8636082,-26.2800642]]}},{"type":"Feature","properties":{"osmId":"way/488393672","highway":"primary","name":"Rua Marquês de Olinda"},"geometry":{"type":"LineString","coordinates":[[-48.8638229,-26.2835005],[-48.8638204,-26.2834397],[-48.8638349,-26.2833036],[-48.8638921,-26.2827003]]}},{"type":"Feature","properties":{"osmId":"way/488393673","highway":"secondary","name":"Rua Benjamin Constant"},"geometry":{"type":"LineString","coordinates":[[-48.8638229,-26.2835005],[-48.8640307,-26.2836703]]}},{"type":"Feature","properties":{"osmId":"way/490225656","highway":"secondary","name":"Rua Benjamin Constant"},"geometry":{"type":"LineString","coordinates":[[-48.8640944,-26.2840272],[-48.8639379,-26.2839274]]}},{"type":"Feature","properties":{"osmId":"way/512687064","highway":"service"},"geometry":{"type":"LineString","coordinates":[[-48.8457105,-26.2944362],[-48.8461871,-26.2944105]]}},{"type":"Feature","properties":{"osmId":"way/563489912","highway":"service"},"geometry":{"type":"LineString","coordinates":[[-48.8461335,-26.2820462],[-48.8461899,-26.2819008],[-48.8462459,-26.281815]]}},{"type":"Feature","properties":{"osmId":"way/574844063","highway":"service"},"geometry":{"type":"LineString","coordinates":[[-48.8453836,-26.2898234],[-48.8454469,-26.2898226],[-48.8455942,-26.2898208],[-48.8456647,-26.2898156]]}},{"type":"Feature","properties":{"osmId":"way/668167779","highway":"residential","name":"Rua Araquari"},"geometry":{"type":"LineString","coordinates":[[-48.8554317,-26.294327],[-48.8553544,-26.2933384]]}},{"type":"Feature","properties":{"osmId":"way/668167780","highway":"residential","name":"Rua Araquari"},"geometry":{"type":"LineString","coordinates":[[-48.8554317,-26.294327],[-48.8555215,-26.2954739]]}},{"type":"Feature","properties":{"osmId":"way/668167781","highway":"residential","name":"Rua do Atleta"},"geometry":{"type":"LineString","coordinates":[[-48.8590266,-26.2931052],[-48.859102,-26.2940825]]}},{"type":"Feature","properties":{"osmId":"way/669033860","highway":"residential","name":"Rua Adolfo Landmann"},"geometry":{"type":"LineString","coordinates":[[-48.8587171,-26.2965813],[-48.8591078,-26.2968055],[-48.8591453,-26.296826],[-48.859205,-26.2968764],[-48.8594846,-26.2972464],[-48.8595325,-26.2973293],[-48.8595715,-26.2974234]]}},{"type":"Feature","properties":{"osmId":"way/690080268","highway":"secondary","name":"Rua Benjamin Constant"},"geometry":{"type":"LineString","coordinates":[[-48.8612824,-26.2852108],[-48.8606924,-26.2849574],[-48.8603458,-26.2848329],[-48.8601885,-26.2847877],[-48.8600633,-26.2847586],[-48.8598938,-26.2847292],[-48.8597194,-26.2847027],[-48.859418,-26.2846722],[-48.8590917,-26.2846477],[-48.858598,-26.2846253],[-48.8578769,-26.2845927],[-48.8573565,-26.2845691],[-48.8569201,-26.2845499]]}},{"type":"Feature","properties":{"osmId":"way/703966028","highway":"residential","name":"Rua Quintino Bocaiúva"},"geometry":{"type":"LineString","coordinates":[[-48.8499547,-26.2907779],[-48.8483867,-26.2908782]]}},{"type":"Feature","properties":{"osmId":"way/703966029","highway":"residential","name":"Rua Quintino Bocaiúva"},"geometry":{"type":"LineString","coordinates":[[-48.8536913,-26.2905389],[-48.8509948,-26.2907114],[-48.8499547,-26.2907779]]}},{"type":"Feature","properties":{"osmId":"way/766677081","highway":"footway"},"geometry":{"type":"LineString","coordinates":[[-48.8477819,-26.2938838],[-48.8478618,-26.2938813],[-48.8480449,-26.2938717]]}},{"type":"Feature","properties":{"osmId":"way/766679574","highway":"footway"},"geometry":{"type":"LineString","coordinates":[[-48.8478466,-26.2937911],[-48.8478618,-26.2938813]]}},{"type":"Feature","properties":{"osmId":"way/766679575","highway":"footway"},"geometry":{"type":"LineString","coordinates":[[-48.8478618,-26.2938813],[-48.8478805,-26.2940993],[-48.8479315,-26.2941775],[-48.8480069,-26.2942058]]}},{"type":"Feature","properties":{"osmId":"way/766679578","highway":"service"},"geometry":{"type":"LineString","coordinates":[[-48.8478294,-26.2935683],[-48.8475954,-26.2935861]]}},{"type":"Feature","properties":{"osmId":"way/766679579","highway":"service"},"geometry":{"type":"LineString","coordinates":[[-48.8475954,-26.2935861],[-48.846902,-26.2936418],[-48.8469128,-26.2939039],[-48.8463291,-26.2939496]]}},{"type":"Feature","properties":{"osmId":"way/766743014","highway":"service"},"geometry":{"type":"LineString","coordinates":[[-48.8436063,-26.2948601],[-48.843516,-26.2948587]]}},{"type":"Feature","properties":{"osmId":"way/766743017","highway":"service"},"geometry":{"type":"LineString","coordinates":[[-48.8435908,-26.2943636],[-48.8431914,-26.2943599]]}},{"type":"Feature","properties":{"osmId":"way/766743018","highway":"service"},"geometry":{"type":"LineString","coordinates":[[-48.8462366,-26.2949397],[-48.8462295,-26.2948384],[-48.8462234,-26.294752]]}},{"type":"Feature","properties":{"osmId":"way/766743019","highway":"service"},"geometry":{"type":"LineString","coordinates":[[-48.8460799,-26.2949502],[-48.8460731,-26.2948482]]}},{"type":"Feature","properties":{"osmId":"way/766743020","highway":"service"},"geometry":{"type":"LineString","coordinates":[[-48.8457365,-26.2948033],[-48.8458881,-26.2947953],[-48.8459377,-26.2948566],[-48.8460731,-26.2948482],[-48.8462295,-26.2948384]]}},{"type":"Feature","properties":{"osmId":"way/777533644","highway":"residential","name":"Rua Eduardo Krisch"},"geometry":{"type":"LineString","coordinates":[[-48.8439029,-26.2865463],[-48.8438647,-26.2859298]]}},{"type":"Feature","properties":{"osmId":"way/777533645","highway":"tertiary","name":"Rua Capinzal"},"geometry":{"type":"LineString","coordinates":[[-48.8433312,-26.2865737],[-48.8439029,-26.2865463],[-48.8451473,-26.286488]]}},{"type":"Feature","properties":{"osmId":"way/777533646","highway":"secondary","name":"Rua Orestes Guimarães"},"geometry":{"type":"LineString","coordinates":[[-48.8451473,-26.286488],[-48.8451035,-26.2858718],[-48.8450392,-26.2849645],[-48.844996,-26.2843544],[-48.8449734,-26.2840354],[-48.8449796,-26.283932],[-48.8449981,-26.2838178],[-48.8450224,-26.2837421],[-48.8450564,-26.2836608],[-48.8451059,-26.2835562],[-48.8451673,-26.2834608]]}},{"type":"Feature","properties":{"osmId":"way/777574223","highway":"service"},"geometry":{"type":"LineString","coordinates":[[-48.8450808,-26.2913783],[-48.8450777,-26.2913203],[-48.8450465,-26.2907343],[-48.8450524,-26.2906775],[-48.8450454,-26.2906359]]}},{"type":"Feature","properties":{"osmId":"way/783902331","highway":"service"},"geometry":{"type":"LineString","coordinates":[[-48.8515351,-26.2974822],[-48.8515402,-26.29764],[-48.8515338,-26.2976601],[-48.8515086,-26.2976646],[-48.8512599,-26.29767]]}},{"type":"Feature","properties":{"osmId":"way/784333606","highway":"primary","name":"Rua Blumenau"},"geometry":{"type":"LineString","coordinates":[[-48.8503793,-26.2813869],[-48.8503356,-26.281828],[-48.8502988,-26.2821999],[-48.8502886,-26.2823031]]}},{"type":"Feature","properties":{"osmId":"way/784333607","highway":"residential","name":"Rua José de Alencar"},"geometry":{"type":"LineString","coordinates":[[-48.8503793,-26.2813869],[-48.8522168,-26.2815409]]}},{"type":"Feature","properties":{"osmId":"way/791036537","highway":"service"},"geometry":{"type":"LineString","coordinates":[[-48.8494266,-26.2813819],[-48.8492566,-26.2813688]]}},{"type":"Feature","properties":{"osmId":"way/791036538","highway":"service"},"geometry":{"type":"LineString","coordinates":[[-48.8492633,-26.2812932],[-48.849434,-26.2813076]]}},{"type":"Feature","properties":{"osmId":"way/791482009","highway":"service"},"geometry":{"type":"LineString","coordinates":[[-48.8490542,-26.2849865],[-48.8491496,-26.2849562],[-48.8491724,-26.2849417],[-48.8491818,-26.2849255],[-48.8492026,-26.2847572],[-48.8491859,-26.2847115],[-48.849161,-26.2846844],[-48.8490903,-26.2846688]]}},{"type":"Feature","properties":{"osmId":"way/794378218","highway":"footway"},"geometry":{"type":"LineString","coordinates":[[-48.8484402,-26.2897539],[-48.8484382,-26.2898207],[-48.8484309,-26.2899507]]}},{"type":"Feature","properties":{"osmId":"way/796487174","highway":"service"},"geometry":{"type":"LineString","coordinates":[[-48.8503356,-26.281828],[-48.8504331,-26.2819176],[-48.8504446,-26.2819456],[-48.8504291,-26.2821112],[-48.8504291,-26.2821355],[-48.8504395,-26.2821555],[-48.850635,-26.2821986],[-48.8506883,-26.2822082]]}},{"type":"Feature","properties":{"osmId":"way/796487175","highway":"service"},"geometry":{"type":"LineString","coordinates":[[-48.8507173,-26.2822303],[-48.8507357,-26.2822669],[-48.8507414,-26.2823387]]}},{"type":"Feature","properties":{"osmId":"way/796487176","highway":"service"},"geometry":{"type":"LineString","coordinates":[[-48.8516076,-26.2823135],[-48.8516084,-26.2824068]]}},{"type":"Feature","properties":{"osmId":"way/796503157","highway":"service"},"geometry":{"type":"LineString","coordinates":[[-48.8485816,-26.2891472],[-48.8487106,-26.2891588]]}},{"type":"Feature","properties":{"osmId":"way/796999213","highway":"service"},"geometry":{"type":"LineString","coordinates":[[-48.8595845,-26.2940503],[-48.8595908,-26.2941632],[-48.8595962,-26.2942687],[-48.8596022,-26.2943781],[-48.8596086,-26.2944937],[-48.8596143,-26.2946083],[-48.8596257,-26.2948061]]}},{"type":"Feature","properties":{"osmId":"way/824941447","highway":"residential","name":"Rua Machado de Assis"},"geometry":{"type":"LineString","coordinates":[[-48.8522784,-26.2824594],[-48.8522168,-26.2815409],[-48.8521566,-26.2806433],[-48.8521187,-26.280078]]}},{"type":"Feature","properties":{"osmId":"way/841419510","highway":"residential","name":"Rua Gustavo Capanema"},"geometry":{"type":"LineString","coordinates":[[-48.8627148,-26.2790477],[-48.8626622,-26.2782482]]}},{"type":"Feature","properties":{"osmId":"way/841419511","highway":"residential"},"geometry":{"type":"LineString","coordinates":[[-48.8636082,-26.2800642],[-48.863746,-26.280086]]}},{"type":"Feature","properties":{"osmId":"way/841419512","highway":"residential"},"geometry":{"type":"LineString","coordinates":[[-48.8636082,-26.2800642],[-48.8635894,-26.2797433],[-48.863552,-26.2791039]]}},{"type":"Feature","properties":{"osmId":"way/841419513","highway":"residential"},"geometry":{"type":"LineString","coordinates":[[-48.8566342,-26.2890865],[-48.8574048,-26.2890087]]}},{"type":"Feature","properties":{"osmId":"way/844691965","highway":"primary_link"},"geometry":{"type":"LineString","coordinates":[[-48.8431751,-26.2949892],[-48.8432262,-26.2950462],[-48.8432748,-26.2950799],[-48.8433365,-26.295105],[-48.8434382,-26.2951262]]}},{"type":"Feature","properties":{"osmId":"way/844691966","highway":"primary","name":"Avenida José Vieira"},"geometry":{"type":"LineString","coordinates":[[-48.8432496,-26.2921123],[-48.8432486,-26.2921511],[-48.8432386,-26.2925361],[-48.8432362,-26.29263]]}},{"type":"Feature","properties":{"osmId":"way/847329432","highway":"primary","name":"Rua XV de Novembro"},"geometry":{"type":"LineString","coordinates":[[-48.860325,-26.2978781],[-48.8602343,-26.2979085],[-48.8599301,-26.2980105]]}},{"type":"Feature","properties":{"osmId":"way/858347375","highway":"service"},"geometry":{"type":"LineString","coordinates":[[-48.8506906,-26.2821082],[-48.8507053,-26.2818659],[-48.850698,-26.281843],[-48.8506812,-26.2818268],[-48.8506088,-26.2818184],[-48.850588,-26.2818178],[-48.8505681,-26.2818335],[-48.8505413,-26.2820629],[-48.8505471,-26.2820781],[-48.8505705,-26.2820925],[-48.8506906,-26.2821082]]}},{"type":"Feature","properties":{"osmId":"way/858347376","highway":"service"},"geometry":{"type":"LineString","coordinates":[[-48.8506883,-26.2822082],[-48.8507173,-26.2822303]]}},{"type":"Feature","properties":{"osmId":"way/858348443","highway":"secondary","name":"Rua Conselheiro Arp"},"geometry":{"type":"LineString","coordinates":[[-48.8527847,-26.2956491],[-48.8526928,-26.2946066],[-48.8526843,-26.2945102]]}},{"type":"Feature","properties":{"osmId":"way/858352698","highway":"primary","name":"Avenida José Vieira"},"geometry":{"type":"LineString","coordinates":[[-48.8431751,-26.2949892],[-48.843171,-26.2950562],[-48.8431643,-26.2950995],[-48.8431491,-26.2951539]]}},{"type":"Feature","properties":{"osmId":"way/858352699","highway":"primary","name":"Avenida José Vieira"},"geometry":{"type":"LineString","coordinates":[[-48.8432305,-26.292851],[-48.8431914,-26.2943599],[-48.843187,-26.2945301],[-48.8431819,-26.2947272],[-48.8431751,-26.2949892]]}},{"type":"Feature","properties":{"osmId":"way/858352864","highway":"footway"},"geometry":{"type":"LineString","coordinates":[[-48.8431751,-26.2949892],[-48.843048,-26.2949936],[-48.8429697,-26.2949963]]}},{"type":"Feature","properties":{"osmId":"way/863211922","highway":"residential","name":"Rua Visconde de Mauá"},"geometry":{"type":"LineString","coordinates":[[-48.8549814,-26.283442],[-48.8548875,-26.2817051],[-48.8548093,-26.2802578],[-48.8547264,-26.2787237]]}},{"type":"Feature","properties":{"osmId":"way/863211923","highway":"residential","name":"Rua Visconde de Mauá"},"geometry":{"type":"LineString","coordinates":[[-48.8551578,-26.2866889],[-48.8550708,-26.2850703],[-48.8550382,-26.2844641],[-48.8549814,-26.283442]]}},{"type":"Feature","properties":{"osmId":"way/863216192","highway":"secondary","name":"Rua Itaiópolis"},"geometry":{"type":"LineString","coordinates":[[-48.8439563,-26.2874106],[-48.843772,-26.2874201],[-48.8435037,-26.2874339],[-48.8434341,-26.2874375],[-48.8433029,-26.2874443]]}},{"type":"Feature","properties":{"osmId":"way/863217621","highway":"service"},"geometry":{"type":"LineString","coordinates":[[-48.8492633,-26.2812932],[-48.8492566,-26.2813688],[-48.8492346,-26.281661],[-48.8490803,-26.2816542],[-48.8491041,-26.2811915],[-48.8492707,-26.2812043],[-48.8492633,-26.2812932]]}},{"type":"Feature","properties":{"osmId":"way/863440693","highway":"secondary","name":"Rua Benjamin Constant"},"geometry":{"type":"LineString","coordinates":[[-48.8628742,-26.2833633],[-48.8628053,-26.283425],[-48.8627558,-26.2834925],[-48.8627231,-26.2835701],[-48.8625537,-26.2841508],[-48.8624029,-26.2846166]]}},{"type":"Feature","properties":{"osmId":"way/863440694","highway":"secondary","name":"Rua Benjamin Constant"},"geometry":{"type":"LineString","coordinates":[[-48.8622264,-26.2848788],[-48.8617915,-26.2851455]]}},{"type":"Feature","properties":{"osmId":"way/863440695","highway":"secondary","name":"Rua Benjamin Constant"},"geometry":{"type":"LineString","coordinates":[[-48.8617915,-26.2851455],[-48.8617002,-26.2851915],[-48.8616227,-26.2852198],[-48.8615182,-26.2852351],[-48.8614383,-26.2852367],[-48.8613506,-26.2852295],[-48.8612824,-26.2852108]]}},{"type":"Feature","properties":{"osmId":"way/863440696","highway":"secondary","name":"Rua Benjamin Constant"},"geometry":{"type":"LineString","coordinates":[[-48.8624029,-26.2846166],[-48.8623454,-26.2847458],[-48.8622915,-26.2848215],[-48.8622264,-26.2848788]]}},{"type":"Feature","properties":{"osmId":"way/868184475","highway":"footway"},"geometry":{"type":"LineString","coordinates":[[-48.8433061,-26.2873319],[-48.8431829,-26.2873383],[-48.8430868,-26.2873432]]}},{"type":"Feature","properties":{"osmId":"way/868184476","highway":"footway"},"geometry":{"type":"LineString","coordinates":[[-48.8433013,-26.2875438],[-48.8431804,-26.2875501],[-48.8430859,-26.2875549]]}},{"type":"Feature","properties":{"osmId":"way/868399395","highway":"residential","name":"Rua Visconde de Mauá"},"geometry":{"type":"LineString","coordinates":[[-48.8547264,-26.2787237],[-48.8546759,-26.2777879],[-48.8546336,-26.2770057],[-48.8545949,-26.2762894],[-48.8545608,-26.2756524],[-48.8545296,-26.2750811]]}},{"type":"Feature","properties":{"osmId":"way/868892278","highway":"footway"},"geometry":{"type":"LineString","coordinates":[[-48.8428377,-26.2952098],[-48.8429679,-26.2950513],[-48.8429697,-26.2949963],[-48.8430451,-26.2926283],[-48.8430492,-26.2921255]]}},{"type":"Feature","properties":{"osmId":"way/868892279","highway":"primary","name":"Avenida José Vieira"},"geometry":{"type":"LineString","coordinates":[[-48.8434323,-26.2853946],[-48.8433312,-26.2865737]]}},{"type":"Feature","properties":{"osmId":"way/868909732","highway":"service"},"geometry":{"type":"LineString","coordinates":[[-48.843516,-26.2948587],[-48.8435155,-26.2949882],[-48.8433711,-26.2949882],[-48.8433767,-26.2948537]]}},{"type":"Feature","properties":{"osmId":"way/868909733","highway":"service"},"geometry":{"type":"LineString","coordinates":[[-48.8435177,-26.2947253],[-48.8431819,-26.2947272]]}},{"type":"Feature","properties":{"osmId":"way/868909734","highway":"service"},"geometry":{"type":"LineString","coordinates":[[-48.8435177,-26.2947253],[-48.843516,-26.2948587]]}},{"type":"Feature","properties":{"osmId":"way/868909735","highway":"service"},"geometry":{"type":"LineString","coordinates":[[-48.843187,-26.2945301],[-48.8435177,-26.2945312],[-48.8435177,-26.2947253]]}},{"type":"Feature","properties":{"osmId":"way/871663282","highway":"service"},"geometry":{"type":"LineString","coordinates":[[-48.8488785,-26.2891739],[-48.8489448,-26.2891799]]}},{"type":"Feature","properties":{"osmId":"way/871663283","highway":"service"},"geometry":{"type":"LineString","coordinates":[[-48.8487106,-26.2891588],[-48.8488785,-26.2891739]]}},{"type":"Feature","properties":{"osmId":"way/888529141","highway":"service"},"geometry":{"type":"LineString","coordinates":[[-48.8494535,-26.2843815],[-48.8494617,-26.2842114]]}},{"type":"Feature","properties":{"osmId":"way/888529142","highway":"service"},"geometry":{"type":"LineString","coordinates":[[-48.8496852,-26.2843181],[-48.8496304,-26.2843309],[-48.8495936,-26.2843507],[-48.8495777,-26.2843958]]}},{"type":"Feature","properties":{"osmId":"way/888529143","highway":"service"},"geometry":{"type":"LineString","coordinates":[[-48.8499024,-26.2843257],[-48.8499261,-26.2843393],[-48.8499413,-26.2843665],[-48.8499335,-26.2845016]]}},{"type":"Feature","properties":{"osmId":"way/888529144","highway":"service"},"geometry":{"type":"LineString","coordinates":[[-48.8499237,-26.2842324],[-48.8499024,-26.2843257],[-48.8496852,-26.2843181],[-48.8496802,-26.2842213]]}},{"type":"Feature","properties":{"osmId":"way/888529777","highway":"tertiary","name":"Rua Jaraguá"},"geometry":{"type":"LineString","coordinates":[[-48.8539347,-26.2934286],[-48.8540103,-26.2943267],[-48.8540183,-26.2944212]]}},{"type":"Feature","properties":{"osmId":"way/888529925","highway":"tertiary","name":"Rua Conselheiro Arp"},"geometry":{"type":"LineString","coordinates":[[-48.8525964,-26.2935136],[-48.8524795,-26.2921859]]}},{"type":"Feature","properties":{"osmId":"way/888530205","highway":"primary","name":"Rua XV de Novembro"},"geometry":{"type":"LineString","coordinates":[[-48.8552155,-26.298671],[-48.8549757,-26.2987055],[-48.8548493,-26.2987203]]}},{"type":"Feature","properties":{"osmId":"way/888530206","highway":"primary","name":"Rua XV de Novembro"},"geometry":{"type":"LineString","coordinates":[[-48.8534496,-26.2988333],[-48.8533416,-26.2988441],[-48.8532608,-26.2988594],[-48.8531827,-26.2988838],[-48.8530734,-26.2989231]]}},{"type":"Feature","properties":{"osmId":"way/888530207","highway":"tertiary","name":"Rua Jaraguá"},"geometry":{"type":"LineString","coordinates":[[-48.8541963,-26.2965355],[-48.8546173,-26.2971924],[-48.8551494,-26.2980073]]}},{"type":"Feature","properties":{"osmId":"way/918053911","highway":"service"},"geometry":{"type":"LineString","coordinates":[[-48.8483802,-26.2904032],[-48.8482122,-26.2903935]]}},{"type":"Feature","properties":{"osmId":"way/918053912","highway":"service"},"geometry":{"type":"LineString","coordinates":[[-48.8484384,-26.2904075],[-48.8483802,-26.2904032]]}},{"type":"Feature","properties":{"osmId":"way/921885134","highway":"service"},"geometry":{"type":"LineString","coordinates":[[-48.847089,-26.2947186],[-48.8470842,-26.2946576],[-48.8470808,-26.294617]]}},{"type":"Feature","properties":{"osmId":"way/921885135","highway":"service"},"geometry":{"type":"LineString","coordinates":[[-48.8472318,-26.2946487],[-48.8472409,-26.294705]]}},{"type":"Feature","properties":{"osmId":"way/929107498","highway":"primary","name":"Rua Blumenau"},"geometry":{"type":"LineString","coordinates":[[-48.8502886,-26.2823031],[-48.8501072,-26.284136],[-48.8500969,-26.2842398]]}},{"type":"Feature","properties":{"osmId":"way/929107499","highway":"tertiary","name":"Rua Almirante Barroso"},"geometry":{"type":"LineString","coordinates":[[-48.8493415,-26.2822288],[-48.8501793,-26.2822946],[-48.8502886,-26.2823031]]}},{"type":"Feature","properties":{"osmId":"way/929107500","highway":"primary","name":"Rua Doutor João Colin"},"geometry":{"type":"LineString","coordinates":[[-48.8491919,-26.2837196],[-48.8493415,-26.2822288]]}},{"type":"Feature","properties":{"osmId":"way/933125984","highway":"service"},"geometry":{"type":"LineString","coordinates":[[-48.8599693,-26.294252],[-48.8595962,-26.2942687]]}},{"type":"Feature","properties":{"osmId":"way/933125985","highway":"service"},"geometry":{"type":"LineString","coordinates":[[-48.8595962,-26.2942687],[-48.8594397,-26.2942752],[-48.859306,-26.2942809],[-48.8589137,-26.2943023],[-48.8589033,-26.2942968],[-48.8589008,-26.294286],[-48.8588926,-26.2942122],[-48.8588973,-26.2942049],[-48.8589067,-26.2942007],[-48.8595908,-26.2941632]]}},{"type":"Feature","properties":{"osmId":"way/933125986","highway":"service"},"geometry":{"type":"LineString","coordinates":[[-48.8599866,-26.2945942],[-48.8596143,-26.2946083]]}},{"type":"Feature","properties":{"osmId":"way/933125987","highway":"service"},"geometry":{"type":"LineString","coordinates":[[-48.8599804,-26.294477],[-48.8596086,-26.2944937]]}},{"type":"Feature","properties":{"osmId":"way/933125988","highway":"service"},"geometry":{"type":"LineString","coordinates":[[-48.8599749,-26.2943623],[-48.8596022,-26.2943781]]}},{"type":"Feature","properties":{"osmId":"way/933125989","highway":"service"},"geometry":{"type":"LineString","coordinates":[[-48.859306,-26.2942809],[-48.8593219,-26.2944502]]}},{"type":"Feature","properties":{"osmId":"way/933125990","highway":"service"},"geometry":{"type":"LineString","coordinates":[[-48.8594397,-26.2942752],[-48.859454,-26.2944496]]}},{"type":"Feature","properties":{"osmId":"way/933125991","highway":"service"},"geometry":{"type":"LineString","coordinates":[[-48.8595908,-26.2941632],[-48.8599351,-26.2941445],[-48.8599529,-26.2941493],[-48.8599623,-26.2941614],[-48.8599693,-26.294252],[-48.8599749,-26.2943623],[-48.8599804,-26.294477],[-48.8599866,-26.2945942],[-48.8599948,-26.2947556],[-48.8599895,-26.2947788],[-48.8599589,-26.2947872],[-48.8596257,-26.2948061]]}},{"type":"Feature","properties":{"osmId":"way/933296152","highway":"service"},"geometry":{"type":"LineString","coordinates":[[-48.853008,-26.2991405],[-48.8527109,-26.2993531]]}},{"type":"Feature","properties":{"osmId":"way/933296153","highway":"service"},"geometry":{"type":"LineString","coordinates":[[-48.8527686,-26.29945],[-48.8528551,-26.2996634]]}},{"type":"Feature","properties":{"osmId":"way/933296154","highway":"service"},"geometry":{"type":"LineString","coordinates":[[-48.8533819,-26.2993621],[-48.8532889,-26.2993771],[-48.8527686,-26.29945],[-48.8527109,-26.2993531],[-48.8526776,-26.2992971],[-48.8526421,-26.2992375]]}},{"type":"Feature","properties":{"osmId":"way/933296155","highway":"service"},"geometry":{"type":"LineString","coordinates":[[-48.8506212,-26.2998317],[-48.8506877,-26.2998234],[-48.8507409,-26.2998167]]}},{"type":"Feature","properties":{"osmId":"way/933296156","highway":"service"},"geometry":{"type":"LineString","coordinates":[[-48.8507409,-26.2998167],[-48.8511231,-26.2997302],[-48.8511435,-26.2997323],[-48.8511536,-26.2997467],[-48.8511699,-26.2998187],[-48.8511688,-26.2998331],[-48.8511558,-26.299845],[-48.8508027,-26.2999388],[-48.8507858,-26.2999397],[-48.8507751,-26.2999271],[-48.8507409,-26.2998167]]}},{"type":"Feature","properties":{"osmId":"way/933296157","highway":"service"},"geometry":{"type":"LineString","coordinates":[[-48.851726,-26.296692],[-48.8517044,-26.2964521],[-48.8517095,-26.2964374],[-48.8517279,-26.2964308],[-48.8518406,-26.2964238],[-48.851858,-26.2964314],[-48.8518657,-26.2964443],[-48.8518968,-26.2966811]]}},{"type":"Feature","properties":{"osmId":"way/933296160","highway":"service"},"geometry":{"type":"LineString","coordinates":[[-48.8511266,-26.3001543],[-48.8511441,-26.3003012],[-48.8511796,-26.3005993],[-48.8511766,-26.3006124],[-48.8511631,-26.3006191],[-48.8509752,-26.3006361],[-48.8509638,-26.3006322],[-48.8509581,-26.3006187],[-48.8509073,-26.3002912]]}},{"type":"Feature","properties":{"osmId":"way/933296161","highway":"service"},"geometry":{"type":"LineString","coordinates":[[-48.8516039,-26.3005823],[-48.8512753,-26.3005976]]}},{"type":"Feature","properties":{"osmId":"way/933296162","highway":"service"},"geometry":{"type":"LineString","coordinates":[[-48.8515878,-26.3000608],[-48.8516937,-26.3002022],[-48.8516964,-26.3002177],[-48.8516867,-26.3002309],[-48.8515656,-26.3002661]]}},{"type":"Feature","properties":{"osmId":"way/933296163","highway":"service"},"geometry":{"type":"LineString","coordinates":[[-48.8513843,-26.299985],[-48.8514142,-26.3000262],[-48.8515358,-26.300194],[-48.8515512,-26.3002234],[-48.8515656,-26.3002661]]}},{"type":"Feature","properties":{"osmId":"way/933296164","highway":"service"},"geometry":{"type":"LineString","coordinates":[[-48.8516218,-26.3007044],[-48.8516384,-26.3008312],[-48.8516364,-26.3008456],[-48.8516206,-26.3008549],[-48.8514255,-26.3008633]]}},{"type":"Feature","properties":{"osmId":"way/933296165","highway":"service"},"geometry":{"type":"LineString","coordinates":[[-48.8513618,-26.3001245],[-48.8514438,-26.3002791]]}},{"type":"Feature","properties":{"osmId":"way/933296166","highway":"service"},"geometry":{"type":"LineString","coordinates":[[-48.8515656,-26.3002661],[-48.8515713,-26.3003055],[-48.8516039,-26.3005823],[-48.8516218,-26.3007044],[-48.8513162,-26.30072],[-48.8512983,-26.3007154],[-48.8512889,-26.3007006],[-48.8512753,-26.3005976],[-48.8512569,-26.3003196],[-48.8512641,-26.3003043],[-48.851276,-26.300299],[-48.8514438,-26.3002791],[-48.8515656,-26.3002661]]}},{"type":"Feature","properties":{"osmId":"way/933302024","highway":"service"},"geometry":{"type":"LineString","coordinates":[[-48.8510607,-26.2986211],[-48.851048,-26.2983154],[-48.851054,-26.2982862],[-48.8510711,-26.2982706],[-48.8511325,-26.2982532],[-48.8511176,-26.2975002]]}},{"type":"Feature","properties":{"osmId":"way/933728687","highway":"service"},"geometry":{"type":"LineString","coordinates":[[-48.8514309,-26.2940348],[-48.8512803,-26.2940399],[-48.8512636,-26.2940483],[-48.8512632,-26.2940649],[-48.8513221,-26.2946009]]}},{"type":"Feature","properties":{"osmId":"way/933850950","highway":"service"},"geometry":{"type":"LineString","coordinates":[[-48.8504089,-26.2946617],[-48.8504272,-26.2947979]]}},{"type":"Feature","properties":{"osmId":"way/933850951","highway":"service"},"geometry":{"type":"LineString","coordinates":[[-48.8505938,-26.2947842],[-48.8504272,-26.2947979],[-48.8502517,-26.2948128]]}},{"type":"Feature","properties":{"osmId":"way/933850952","highway":"service"},"geometry":{"type":"LineString","coordinates":[[-48.8505781,-26.2946504],[-48.8505938,-26.2947842],[-48.8506275,-26.2950658]]}},{"type":"Feature","properties":{"osmId":"way/935933254","highway":"footway"},"geometry":{"type":"LineString","coordinates":[[-48.8484879,-26.2899715],[-48.8484309,-26.2899507]]}},{"type":"Feature","properties":{"osmId":"way/959020184","highway":"service"},"geometry":{"type":"LineString","coordinates":[[-48.8584515,-26.2785722],[-48.8584851,-26.278185],[-48.858534,-26.2781405],[-48.8586145,-26.2781375],[-48.8589625,-26.2781532],[-48.8589887,-26.2781454],[-48.8589954,-26.2781105],[-48.8590017,-26.2780372]]}},{"type":"Feature","properties":{"osmId":"way/959020185","highway":"service"},"geometry":{"type":"LineString","coordinates":[[-48.8578494,-26.2790184],[-48.8577971,-26.2789089],[-48.8577649,-26.2787779],[-48.8577783,-26.2780203]]}},{"type":"Feature","properties":{"osmId":"way/959020186","highway":"residential"},"geometry":{"type":"LineString","coordinates":[[-48.857783,-26.2827411],[-48.8576674,-26.2827148],[-48.8576231,-26.2826927],[-48.8575847,-26.2826683],[-48.8575383,-26.2826162],[-48.8575386,-26.2825822],[-48.857558,-26.2825546]]}},{"type":"Feature","properties":{"osmId":"way/959020653","highway":"service"},"geometry":{"type":"LineString","coordinates":[[-48.863552,-26.2791039],[-48.8631763,-26.2790893]]}},{"type":"Feature","properties":{"osmId":"way/959020654","highway":"service"},"geometry":{"type":"LineString","coordinates":[[-48.8636298,-26.2804323],[-48.8636082,-26.2800642]]}},{"type":"Feature","properties":{"osmId":"way/959053861","highway":"residential","name":"Rua Orleans"},"geometry":{"type":"LineString","coordinates":[[-48.8560271,-26.2813123],[-48.8559115,-26.2810794],[-48.8558841,-26.2810041],[-48.8558541,-26.2809025],[-48.8558364,-26.280798],[-48.8558029,-26.2805383],[-48.8557921,-26.2804818],[-48.8557734,-26.2804385],[-48.8557385,-26.2803947],[-48.8556415,-26.2803135]]}},{"type":"Feature","properties":{"osmId":"way/959053862","highway":"residential","name":"Rua Orleans"},"geometry":{"type":"LineString","coordinates":[[-48.8556415,-26.2803135],[-48.855761,-26.2801843],[-48.855776,-26.2801571],[-48.8557857,-26.2801299],[-48.8557821,-26.2794343]]}},{"type":"Feature","properties":{"osmId":"way/959053863","highway":"residential","name":"Rua Orleans"},"geometry":{"type":"LineString","coordinates":[[-48.8561723,-26.2819494],[-48.8561349,-26.2816908],[-48.8561038,-26.2815532],[-48.8560271,-26.2813123]]}},{"type":"Feature","properties":{"osmId":"way/959053864","highway":"service"},"geometry":{"type":"LineString","coordinates":[[-48.850531,-26.2833894],[-48.8506101,-26.2834182],[-48.850641,-26.2834435],[-48.8506503,-26.2835],[-48.8506383,-26.283797],[-48.8506275,-26.2838259],[-48.8505967,-26.2838439],[-48.8505203,-26.2838391],[-48.8504975,-26.283815],[-48.8504921,-26.2837657],[-48.850531,-26.2833894]]}},{"type":"Feature","properties":{"osmId":"way/959053865","highway":"service"},"geometry":{"type":"LineString","coordinates":[[-48.8509136,-26.2823522],[-48.8508931,-26.2824599],[-48.8508689,-26.2826066],[-48.8508153,-26.282805],[-48.8507657,-26.2829],[-48.8506275,-26.2830022],[-48.8504894,-26.2830455],[-48.8504572,-26.2830743],[-48.8504317,-26.2833377],[-48.8504465,-26.2833605],[-48.850531,-26.2833894]]}},{"type":"Feature","properties":{"osmId":"way/959110416","highway":"secondary","name":"Rua Padre Antônio Vieira"},"geometry":{"type":"LineString","coordinates":[[-48.8448032,-26.2834211],[-48.8450153,-26.2834349]]}},{"type":"Feature","properties":{"osmId":"way/959111415","highway":"service"},"geometry":{"type":"LineString","coordinates":[[-48.8462459,-26.281815],[-48.8463367,-26.2819965]]}},{"type":"Feature","properties":{"osmId":"way/959111416","highway":"service"},"geometry":{"type":"LineString","coordinates":[[-48.8462459,-26.281815],[-48.8465647,-26.2813752]]}},{"type":"Feature","properties":{"osmId":"way/959748387","highway":"service"},"geometry":{"type":"LineString","coordinates":[[-48.8496137,-26.2779842],[-48.8497767,-26.277894]]}},{"type":"Feature","properties":{"osmId":"way/959748388","highway":"service"},"geometry":{"type":"LineString","coordinates":[[-48.8490008,-26.2776138],[-48.8494635,-26.2776908],[-48.8495225,-26.2777269],[-48.8495332,-26.277787],[-48.8495305,-26.2779409],[-48.849564,-26.277971],[-48.8496137,-26.2779842]]}},{"type":"Feature","properties":{"osmId":"way/959748389","highway":"service"},"geometry":{"type":"LineString","coordinates":[[-48.8489498,-26.2778171],[-48.8490008,-26.2776138]]}},{"type":"Feature","properties":{"osmId":"way/959748390","highway":"service"},"geometry":{"type":"LineString","coordinates":[[-48.8506883,-26.2822082],[-48.8506906,-26.2821082]]}},{"type":"Feature","properties":{"osmId":"way/959748391","highway":"service"},"geometry":{"type":"LineString","coordinates":[[-48.8493153,-26.2809159],[-48.8494742,-26.2809073]]}},{"type":"Feature","properties":{"osmId":"way/959748392","highway":"service"},"geometry":{"type":"LineString","coordinates":[[-48.8493153,-26.2809159],[-48.8493173,-26.280774],[-48.8493307,-26.280667],[-48.8493441,-26.2806327],[-48.8493682,-26.2806171],[-48.8494259,-26.2806075],[-48.8495048,-26.2806026]]}},{"type":"Feature","properties":{"osmId":"way/959759909","highway":"service"},"geometry":{"type":"LineString","coordinates":[[-48.8586852,-26.2866582],[-48.8587573,-26.2871241],[-48.8588432,-26.2872901],[-48.8589236,-26.2873887],[-48.8590604,-26.2875402],[-48.8592401,-26.2879418],[-48.859283,-26.2879923],[-48.8593313,-26.2880091],[-48.8594037,-26.2879706],[-48.8595137,-26.2877758],[-48.8595915,-26.2877157],[-48.8596666,-26.2876893],[-48.8599455,-26.2877133]]}},{"type":"Feature","properties":{"osmId":"way/962201753","highway":"service"},"geometry":{"type":"LineString","coordinates":[[-48.8530853,-26.2883314],[-48.8524977,-26.2883698],[-48.8522851,-26.2883782],[-48.8522328,-26.2883999],[-48.8522007,-26.2884408],[-48.8521658,-26.2886945]]}},{"type":"Feature","properties":{"osmId":"way/962201754","highway":"service"},"geometry":{"type":"LineString","coordinates":[[-48.8513614,-26.289052],[-48.8514208,-26.2893678]]}},{"type":"Feature","properties":{"osmId":"way/962201755","highway":"service"},"geometry":{"type":"LineString","coordinates":[[-48.8513055,-26.2893816],[-48.8512639,-26.2891018],[-48.8512676,-26.2890847],[-48.8512803,-26.2890732],[-48.8512971,-26.2890624],[-48.8513614,-26.289052],[-48.8518553,-26.2889722]]}},{"type":"Feature","properties":{"osmId":"way/962201756","highway":"service"},"geometry":{"type":"LineString","coordinates":[[-48.8514208,-26.2893678],[-48.8513055,-26.2893816]]}},{"type":"Feature","properties":{"osmId":"way/962201757","highway":"service"},"geometry":{"type":"LineString","coordinates":[[-48.8513055,-26.2893816],[-48.8513171,-26.2894366],[-48.8513331,-26.2895245]]}},{"type":"Feature","properties":{"osmId":"way/962201759","highway":"service"},"geometry":{"type":"LineString","coordinates":[[-48.8514208,-26.2893678],[-48.8522111,-26.2892578],[-48.8522275,-26.2892596],[-48.8522385,-26.2892659],[-48.852252,-26.2892728]]}},{"type":"Feature","properties":{"osmId":"way/962201760","highway":"service"},"geometry":{"type":"LineString","coordinates":[[-48.8573451,-26.2897887],[-48.8572459,-26.2898223],[-48.8570749,-26.2898987],[-48.8568726,-26.2899857]]}},{"type":"Feature","properties":{"osmId":"way/962201761","highway":"service"},"geometry":{"type":"LineString","coordinates":[[-48.8570648,-26.2858688],[-48.8569616,-26.2857919],[-48.8569294,-26.2857822],[-48.8569073,-26.285781],[-48.8567879,-26.2858069],[-48.8567403,-26.2858099],[-48.8564228,-26.2858081]]}},{"type":"Feature","properties":{"osmId":"way/962201762","highway":"service"},"geometry":{"type":"LineString","coordinates":[[-48.8586494,-26.2853987],[-48.8583389,-26.2854161],[-48.8583141,-26.2854197],[-48.8582765,-26.2854365],[-48.8582309,-26.2854672],[-48.8582162,-26.285469],[-48.8581411,-26.285472]]}},{"type":"Feature","properties":{"osmId":"way/962201763","highway":"service"},"geometry":{"type":"LineString","coordinates":[[-48.8575256,-26.286023],[-48.8576952,-26.2860408],[-48.8577957,-26.2860564],[-48.8578641,-26.2860913],[-48.8579594,-26.2861778],[-48.8580184,-26.2863041],[-48.8580304,-26.2865933],[-48.8580482,-26.2866302],[-48.858073,-26.2866599],[-48.8581002,-26.2866762],[-48.8583852,-26.2867225],[-48.8584381,-26.2867406],[-48.8584683,-26.2867688],[-48.8584737,-26.2868025],[-48.8583805,-26.2872817]]}},{"type":"Feature","properties":{"osmId":"way/962201764","highway":"service"},"geometry":{"type":"LineString","coordinates":[[-48.8567765,-26.2864544],[-48.8569911,-26.2864568],[-48.8570434,-26.286458],[-48.857089,-26.2864442],[-48.8571748,-26.2863883],[-48.8575256,-26.286023],[-48.8577542,-26.2857714]]}},{"type":"Feature","properties":{"osmId":"way/962201765","highway":"service"},"geometry":{"type":"LineString","coordinates":[[-48.8567778,-26.286541],[-48.8567765,-26.2864544]]}},{"type":"Feature","properties":{"osmId":"way/962201766","highway":"service"},"geometry":{"type":"LineString","coordinates":[[-48.8564624,-26.2864227],[-48.8567765,-26.2864544]]}},{"type":"Feature","properties":{"osmId":"way/962201767","highway":"service"},"geometry":{"type":"LineString","coordinates":[[-48.8573478,-26.2869955],[-48.8567778,-26.286541],[-48.856469,-26.2865241]]}},{"type":"Feature","properties":{"osmId":"way/962208054","highway":"service"},"geometry":{"type":"LineString","coordinates":[[-48.8528356,-26.2893022],[-48.8528528,-26.2893962],[-48.8528726,-26.2896191],[-48.8528712,-26.2896492],[-48.8528484,-26.2896696],[-48.8526003,-26.2896828],[-48.8525842,-26.2896768],[-48.8525695,-26.289666],[-48.8525628,-26.2896528],[-48.8525628,-26.2895542],[-48.8525748,-26.2895434],[-48.852603,-26.2895313],[-48.8527733,-26.2895289]]}},{"type":"Feature","properties":{"osmId":"way/962208055","highway":"service"},"geometry":{"type":"LineString","coordinates":[[-48.8511814,-26.2922601],[-48.8511696,-26.2921064]]}},{"type":"Feature","properties":{"osmId":"way/962208056","highway":"service"},"geometry":{"type":"LineString","coordinates":[[-48.8511696,-26.2921064],[-48.8511626,-26.2920167],[-48.8511707,-26.2919956],[-48.8511895,-26.2919878],[-48.8514456,-26.2919734],[-48.8514604,-26.2919812],[-48.8514657,-26.2919956],[-48.8514711,-26.2920846],[-48.851461,-26.292093],[-48.8514463,-26.292096],[-48.8511696,-26.2921064]]}},{"type":"Feature","properties":{"osmId":"way/962250689","highway":"service"},"geometry":{"type":"LineString","coordinates":[[-48.8507581,-26.2922844],[-48.8506965,-26.291903]]}},{"type":"Feature","properties":{"osmId":"way/962250690","highway":"service"},"geometry":{"type":"LineString","coordinates":[[-48.8506965,-26.291903],[-48.8506892,-26.2918393],[-48.8506912,-26.2918303],[-48.8507134,-26.2918087],[-48.8513316,-26.2917798],[-48.8513652,-26.2917942],[-48.8513665,-26.2918171],[-48.8513719,-26.2918664],[-48.8513631,-26.2918802],[-48.8513497,-26.2918862],[-48.8506965,-26.291903]]}},{"type":"Feature","properties":{"osmId":"way/962506963","highway":"service"},"geometry":{"type":"LineString","coordinates":[[-48.8511092,-26.2823676],[-48.8510795,-26.2828783],[-48.8510554,-26.2829156],[-48.8510071,-26.2829252],[-48.8509722,-26.2829012],[-48.8509695,-26.2828519],[-48.851001,-26.2823591]]}},{"type":"Feature","properties":{"osmId":"way/962506966","highway":"residential","name":"Rua Fernando Machado"},"geometry":{"type":"LineString","coordinates":[[-48.8541254,-26.2859552],[-48.8540233,-26.2844181]]}},{"type":"Feature","properties":{"osmId":"way/962506967","highway":"service"},"geometry":{"type":"LineString","coordinates":[[-48.8497519,-26.2781409],[-48.8496888,-26.2780744],[-48.8496137,-26.2779842]]}},{"type":"Feature","properties":{"osmId":"way/962506968","highway":"service"},"geometry":{"type":"LineString","coordinates":[[-48.8490008,-26.2776138],[-48.849037,-26.2774628]]}},{"type":"Feature","properties":{"osmId":"way/963564067","highway":"residential","name":"Rua Alvarenga Peixoto"},"geometry":{"type":"LineString","coordinates":[[-48.8506681,-26.278469],[-48.8507405,-26.2784736],[-48.8536351,-26.2786554],[-48.8547264,-26.2787237],[-48.8565951,-26.2788413],[-48.8570111,-26.2788674]]}},{"type":"Feature","properties":{"osmId":"way/963564068","highway":"service"},"geometry":{"type":"LineString","coordinates":[[-48.8494596,-26.2810532],[-48.8493981,-26.2810337],[-48.8493414,-26.2810049],[-48.8493237,-26.2809577],[-48.8493153,-26.2809159]]}},{"type":"Feature","properties":{"osmId":"way/965531299","highway":"service"},"geometry":{"type":"LineString","coordinates":[[-48.8479695,-26.286559],[-48.8481304,-26.2865362],[-48.8482538,-26.2865181],[-48.8483115,-26.2864857],[-48.8483557,-26.2864496],[-48.8484214,-26.2864327],[-48.8488889,-26.2864421]]}},{"type":"Feature","properties":{"osmId":"way/965536756","highway":"service"},"geometry":{"type":"LineString","coordinates":[[-48.8464091,-26.2889181],[-48.8464715,-26.2898656],[-48.8466391,-26.2898572]]}},{"type":"Feature","properties":{"osmId":"way/965536757","highway":"service"},"geometry":{"type":"LineString","coordinates":[[-48.8465694,-26.2889133],[-48.8466351,-26.288953],[-48.8467276,-26.2891478],[-48.8467491,-26.2892103],[-48.8467947,-26.289782],[-48.8467893,-26.2898097],[-48.8467772,-26.2898295],[-48.8467518,-26.2898476],[-48.8466391,-26.2898572]]}},{"type":"Feature","properties":{"osmId":"way/965536758","highway":"service"},"geometry":{"type":"LineString","coordinates":[[-48.8465694,-26.2889133],[-48.8465841,-26.2888712],[-48.8466606,-26.288775],[-48.8466847,-26.288733],[-48.8467022,-26.2886416]]}},{"type":"Feature","properties":{"osmId":"way/965536759","highway":"service"},"geometry":{"type":"LineString","coordinates":[[-48.8485198,-26.2896915],[-48.848441,-26.2896824],[-48.8481827,-26.2896732],[-48.8476597,-26.2896636],[-48.8475993,-26.2896516],[-48.8475598,-26.2896263],[-48.8475363,-26.2896011],[-48.8475229,-26.2895578],[-48.8475926,-26.2891502],[-48.8475966,-26.2890492],[-48.8475591,-26.2888748]]}},{"type":"Feature","properties":{"osmId":"way/965539299","highway":"service"},"geometry":{"type":"LineString","coordinates":[[-48.8465694,-26.2889133],[-48.8464091,-26.2889181]]}},{"type":"Feature","properties":{"osmId":"way/965539300","highway":"service"},"geometry":{"type":"LineString","coordinates":[[-48.8464156,-26.2886554],[-48.8464091,-26.2889181]]}},{"type":"Feature","properties":{"osmId":"way/965539301","highway":"service"},"geometry":{"type":"LineString","coordinates":[[-48.8466391,-26.2898572],[-48.8465694,-26.2889133]]}},{"type":"Feature","properties":{"osmId":"way/965549892","highway":"service"},"geometry":{"type":"LineString","coordinates":[[-48.8440454,-26.2905077],[-48.8440038,-26.2898399]]}},{"type":"Feature","properties":{"osmId":"way/965549893","highway":"service"},"geometry":{"type":"LineString","coordinates":[[-48.8441469,-26.2898275],[-48.8441983,-26.2904957]]}},{"type":"Feature","properties":{"osmId":"way/965549894","highway":"service"},"geometry":{"type":"LineString","coordinates":[[-48.8444659,-26.2898113],[-48.8445121,-26.290462]]}},{"type":"Feature","properties":{"osmId":"way/965549895","highway":"service"},"geometry":{"type":"LineString","coordinates":[[-48.8446368,-26.2898016],[-48.8446749,-26.2904182]]}},{"type":"Feature","properties":{"osmId":"way/965549896","highway":"service"},"geometry":{"type":"LineString","coordinates":[[-48.8448192,-26.2904043],[-48.8447788,-26.2897943]]}},{"type":"Feature","properties":{"osmId":"way/965549897","highway":"service"},"geometry":{"type":"LineString","coordinates":[[-48.843833,-26.2898454],[-48.8438335,-26.2899059],[-48.8438509,-26.2901722],[-48.8438925,-26.2902913],[-48.843911,-26.2905011],[-48.8439193,-26.290511],[-48.8439317,-26.2905161],[-48.8440454,-26.2905077]]}},{"type":"Feature","properties":{"osmId":"way/965549898","highway":"service"},"geometry":{"type":"LineString","coordinates":[[-48.8449882,-26.2903935],[-48.8448192,-26.2904043],[-48.8446749,-26.2904182],[-48.8446194,-26.2904235],[-48.8445678,-26.2904355],[-48.8445121,-26.290462],[-48.8444236,-26.2904824],[-48.8441983,-26.2904957],[-48.8440454,-26.2905077]]}},{"type":"Feature","properties":{"osmId":"way/965549899","highway":"service"},"geometry":{"type":"LineString","coordinates":[[-48.843833,-26.2898454],[-48.8440038,-26.2898399],[-48.8441469,-26.2898275],[-48.8444659,-26.2898113],[-48.8446368,-26.2898016],[-48.8447788,-26.2897943],[-48.8448906,-26.2897936],[-48.8449225,-26.2898061],[-48.8449372,-26.2898331],[-48.844952,-26.2899762],[-48.8449882,-26.2903935]]}},{"type":"Feature","properties":{"osmId":"way/965556096","highway":"service"},"geometry":{"type":"LineString","coordinates":[[-48.8450494,-26.2925684],[-48.8450418,-26.2919989]]}},{"type":"Feature","properties":{"osmId":"way/965556097","highway":"service"},"geometry":{"type":"LineString","coordinates":[[-48.8452047,-26.2925614],[-48.8451935,-26.291993]]}},{"type":"Feature","properties":{"osmId":"way/965556098","highway":"service"},"geometry":{"type":"LineString","coordinates":[[-48.8453437,-26.2925552],[-48.8453382,-26.291987]]}},{"type":"Feature","properties":{"osmId":"way/965556099","highway":"service"},"geometry":{"type":"LineString","coordinates":[[-48.8448313,-26.2925782],[-48.8450494,-26.2925684],[-48.8452047,-26.2925614],[-48.8453437,-26.2925552],[-48.845475,-26.2925493],[-48.8454629,-26.2919818],[-48.8453382,-26.291987],[-48.8451935,-26.291993],[-48.8450418,-26.2919989],[-48.8447737,-26.2920105]]}},{"type":"Feature","properties":{"osmId":"way/965556100","highway":"service"},"geometry":{"type":"LineString","coordinates":[[-48.8448333,-26.2929161],[-48.8448313,-26.2925782],[-48.8448313,-26.2924483],[-48.8447822,-26.2924491]]}},{"type":"Feature","properties":{"osmId":"way/965615071","highway":"service"},"geometry":{"type":"LineString","coordinates":[[-48.8456748,-26.2901842],[-48.845636,-26.2901999],[-48.8456051,-26.2902269],[-48.8455897,-26.2902576],[-48.8455951,-26.2904853],[-48.8456065,-26.2905943],[-48.8457434,-26.2905884]]}},{"type":"Feature","properties":{"osmId":"way/965790861","highway":"service"},"geometry":{"type":"LineString","coordinates":[[-48.8484839,-26.2900075],[-48.8483607,-26.2899202],[-48.8482833,-26.2898716],[-48.8482122,-26.2898331]]}},{"type":"Feature","properties":{"osmId":"way/965813429","highway":"service"},"geometry":{"type":"LineString","coordinates":[[-48.843516,-26.2948587],[-48.8433767,-26.2948537]]}},{"type":"Feature","properties":{"osmId":"way/965814456","highway":"service"},"geometry":{"type":"LineString","coordinates":[[-48.8478406,-26.2943027],[-48.847799,-26.2945717]]}},{"type":"Feature","properties":{"osmId":"way/967542135","highway":"service"},"geometry":{"type":"LineString","coordinates":[[-48.8437437,-26.2904884],[-48.8432677,-26.2905053]]}},{"type":"Feature","properties":{"osmId":"way/976471545","highway":"tertiary","name":"Rua João Pessoa"},"geometry":{"type":"LineString","coordinates":[[-48.8486458,-26.27744],[-48.8484674,-26.2774292]]}},{"type":"Feature","properties":{"osmId":"way/977060068","highway":"tertiary","name":"Rua Frederico Hubner"},"geometry":{"type":"LineString","coordinates":[[-48.8524795,-26.2921859],[-48.8538245,-26.2921089]]}},{"type":"Feature","properties":{"osmId":"way/977060069","highway":"tertiary","name":"Rua Frederico Hubner"},"geometry":{"type":"LineString","coordinates":[[-48.8510648,-26.2922668],[-48.8511814,-26.2922601],[-48.8524795,-26.2921859]]}},{"type":"Feature","properties":{"osmId":"way/977072407","highway":"secondary","name":"Rua Benjamin Constant"},"geometry":{"type":"LineString","coordinates":[[-48.8550382,-26.2844641],[-48.8540233,-26.2844181]]}},{"type":"Feature","properties":{"osmId":"way/977072408","highway":"secondary","name":"Rua Benjamin Constant"},"geometry":{"type":"LineString","coordinates":[[-48.8557693,-26.2844979],[-48.8550382,-26.2844641]]}},{"type":"Feature","properties":{"osmId":"way/977072409","highway":"secondary","name":"Rua Benjamin Constant"},"geometry":{"type":"LineString","coordinates":[[-48.85634,-26.2845243],[-48.8557693,-26.2844979]]}},{"type":"Feature","properties":{"osmId":"way/977072410","highway":"secondary","name":"Rua Benjamin Constant"},"geometry":{"type":"LineString","coordinates":[[-48.8569201,-26.2845499],[-48.85634,-26.2845243]]}},{"type":"Feature","properties":{"osmId":"way/977072411","highway":"secondary","name":"Rua Benjamin Constant"},"geometry":{"type":"LineString","coordinates":[[-48.8524059,-26.2843448],[-48.851932,-26.2843233],[-48.8512798,-26.2842938],[-48.8502292,-26.2842462],[-48.8500969,-26.2842398]]}},{"type":"Feature","properties":{"osmId":"way/977092383","highway":"service"},"geometry":{"type":"LineString","coordinates":[[-48.8482122,-26.2898331],[-48.8481559,-26.2898223],[-48.8477576,-26.2897887],[-48.8469704,-26.2897851]]}},{"type":"Feature","properties":{"osmId":"way/977092384","highway":"service"},"geometry":{"type":"LineString","coordinates":[[-48.8482122,-26.2898331],[-48.8483936,-26.2898153],[-48.8484382,-26.2898207],[-48.8485045,-26.2898259]]}},{"type":"Feature","properties":{"osmId":"way/978174571","highway":"service"},"geometry":{"type":"LineString","coordinates":[[-48.852252,-26.2892728],[-48.8522797,-26.2892679],[-48.8527571,-26.2891965],[-48.8527907,-26.2892235],[-48.8528087,-26.2893061]]}},{"type":"Feature","properties":{"osmId":"way/978210179","highway":"secondary","name":"Rua Orestes Guimarães"},"geometry":{"type":"LineString","coordinates":[[-48.8457485,-26.2949723],[-48.8457422,-26.2948843],[-48.8457365,-26.2948033],[-48.8457105,-26.2944362],[-48.8456893,-26.2941373],[-48.845679,-26.2939913]]}},{"type":"Feature","properties":{"osmId":"way/978210180","highway":"secondary","name":"Rua Orestes Guimarães"},"geometry":{"type":"LineString","coordinates":[[-48.8454403,-26.2906233],[-48.8453836,-26.2898234]]}},{"type":"Feature","properties":{"osmId":"way/978210181","highway":"secondary","name":"Rua Orestes Guimarães"},"geometry":{"type":"LineString","coordinates":[[-48.8454944,-26.2913871],[-48.8454922,-26.2913493],[-48.8454886,-26.2912991],[-48.8454403,-26.2906233]]}},{"type":"Feature","properties":{"osmId":"way/978212631","highway":"secondary","name":"Rua Itaiópolis"},"geometry":{"type":"LineString","coordinates":[[-48.8430687,-26.2874564],[-48.8428318,-26.2874686]]}},{"type":"Feature","properties":{"osmId":"way/980692528","highway":"residential"},"geometry":{"type":"LineString","coordinates":[[-48.857558,-26.2825546],[-48.857603,-26.2825416],[-48.8576509,-26.2825537],[-48.8577206,-26.2825899],[-48.8577651,-26.2826966],[-48.857783,-26.2827411]]}},{"type":"Feature","properties":{"osmId":"way/986790528","highway":"residential"},"geometry":{"type":"LineString","coordinates":[[-48.8550708,-26.2850703],[-48.8546668,-26.28508]]}},{"type":"Feature","properties":{"osmId":"way/1009343899","highway":"residential"},"geometry":{"type":"LineString","coordinates":[[-48.8626257,-26.2918636],[-48.8622615,-26.2918747]]}},{"type":"Feature","properties":{"osmId":"way/1027227466","highway":"tertiary","name":"Rua Marechal Deodoro"},"geometry":{"type":"LineString","coordinates":[[-48.8541145,-26.2955637],[-48.8527847,-26.2956491]]}},{"type":"Feature","properties":{"osmId":"way/1027227467","highway":"tertiary","name":"Rua Lages"},"geometry":{"type":"LineString","coordinates":[[-48.8528703,-26.2966196],[-48.8541963,-26.2965355]]}},{"type":"Feature","properties":{"osmId":"way/1052561978","highway":"residential"},"geometry":{"type":"LineString","coordinates":[[-48.8519041,-26.2879437],[-48.851444,-26.2879243]]}},{"type":"Feature","properties":{"osmId":"way/1058985313","highway":"service"},"geometry":{"type":"LineString","coordinates":[[-48.8432922,-26.2883458],[-48.8434245,-26.2883392],[-48.8434674,-26.2883175],[-48.8435171,-26.288294]]}},{"type":"Feature","properties":{"osmId":"way/1058985314","highway":"service"},"geometry":{"type":"LineString","coordinates":[[-48.8435171,-26.288294],[-48.8435247,-26.2885564]]}},{"type":"Feature","properties":{"osmId":"way/1132762008","highway":"primary","name":"Avenida José Vieira"},"geometry":{"type":"LineString","coordinates":[[-48.8431352,-26.2926291],[-48.8431518,-26.2921149]]}},{"type":"Feature","properties":{"osmId":"way/1132762009","highway":"path","name":"Passarela Charlot"},"geometry":{"type":"LineString","coordinates":[[-48.8431352,-26.2926291],[-48.8432362,-26.29263]]}},{"type":"Feature","properties":{"osmId":"way/1132762010","highway":"primary","name":"Avenida José Vieira"},"geometry":{"type":"LineString","coordinates":[[-48.8432362,-26.29263],[-48.8432305,-26.292851]]}},{"type":"Feature","properties":{"osmId":"way/1132770676","highway":"secondary","name":"Rua Benjamin Constant"},"geometry":{"type":"LineString","coordinates":[[-48.8540233,-26.2844181],[-48.8530841,-26.2843756],[-48.8526561,-26.2843562],[-48.8524059,-26.2843448]]}},{"type":"Feature","properties":{"osmId":"way/1134953692","highway":"residential","name":"Rua Pará"},"geometry":{"type":"LineString","coordinates":[[-48.8541182,-26.2793811],[-48.8536823,-26.2793557]]}},{"type":"Feature","properties":{"osmId":"way/1134953693","highway":"residential","name":"Rua Ernesto Romanus"},"geometry":{"type":"LineString","coordinates":[[-48.8459585,-26.2858318],[-48.8451035,-26.2858718]]}},{"type":"Feature","properties":{"osmId":"way/1134953694","highway":"residential","name":"Rua Frei Caneca"},"geometry":{"type":"LineString","coordinates":[[-48.8588578,-26.2894902],[-48.8586392,-26.2895075],[-48.8567036,-26.2896173]]}},{"type":"Feature","properties":{"osmId":"way/1134953695","highway":"residential","name":"Rua Orleans"},"geometry":{"type":"LineString","coordinates":[[-48.8562541,-26.2831923],[-48.85634,-26.2845243]]}},{"type":"Feature","properties":{"osmId":"way/1134953696","highway":"residential","name":"Rua Albrecht Schmalz"},"geometry":{"type":"LineString","coordinates":[[-48.8586852,-26.2866582],[-48.8586447,-26.2863708],[-48.8586534,-26.2863209],[-48.8586829,-26.2862548],[-48.8587084,-26.2861977],[-48.8587157,-26.28614]]}},{"type":"Feature","properties":{"osmId":"way/1134953697","highway":"residential","name":"Rua Karl Kumlehn"},"geometry":{"type":"LineString","coordinates":[[-48.8636071,-26.2921751],[-48.8636424,-26.292812]]}},{"type":"Feature","properties":{"osmId":"way/1134953698","highway":"residential","name":"Rua Adolfo Landmann"},"geometry":{"type":"LineString","coordinates":[[-48.8595715,-26.2974234],[-48.8597217,-26.2980822]]}},{"type":"Feature","properties":{"osmId":"way/1134953699","highway":"residential","name":"Servidão Alfredo Dietrich"},"geometry":{"type":"LineString","coordinates":[[-48.8587998,-26.3004092],[-48.8590397,-26.3017307]]}},{"type":"Feature","properties":{"osmId":"way/1134953700","highway":"residential","name":"Rua Recreativa Antártica"},"geometry":{"type":"LineString","coordinates":[[-48.8571386,-26.3000301],[-48.8571222,-26.299879],[-48.8570432,-26.2991495],[-48.8569732,-26.2985025]]}},{"type":"Feature","properties":{"osmId":"way/1134953701","highway":"residential","name":"Rua Campo Alegre"},"geometry":{"type":"LineString","coordinates":[[-48.8596498,-26.3017542],[-48.8590397,-26.3017307],[-48.8579312,-26.301688]]}},{"type":"Feature","properties":{"osmId":"way/1161138001","highway":"service"},"geometry":{"type":"LineString","coordinates":[[-48.843792,-26.2895257],[-48.8438025,-26.2897417]]}},{"type":"Feature","properties":{"osmId":"way/1161138002","highway":"service"},"geometry":{"type":"LineString","coordinates":[[-48.8432787,-26.2895425],[-48.8433703,-26.2895191],[-48.843792,-26.2895257],[-48.8439489,-26.2895282],[-48.843978,-26.2895412],[-48.8439882,-26.2895634],[-48.843994,-26.2897329],[-48.8438025,-26.2897417],[-48.8434037,-26.2897576],[-48.8432764,-26.2897523]]}},{"type":"Feature","properties":{"osmId":"way/1161138003","highway":"service"},"geometry":{"type":"LineString","coordinates":[[-48.8432787,-26.2895425],[-48.8433717,-26.2895545],[-48.8436316,-26.289559],[-48.8436549,-26.2895644],[-48.8436614,-26.289584],[-48.843657,-26.2896873],[-48.8436492,-26.2897086],[-48.8436305,-26.2897176],[-48.8433985,-26.2897254],[-48.8432764,-26.2897523]]}},{"type":"Feature","properties":{"osmId":"way/1201255437","highway":"service"},"geometry":{"type":"LineString","coordinates":[[-48.8454629,-26.2919818],[-48.8455367,-26.2919801]]}},{"type":"Feature","properties":{"osmId":"way/1271594134","highway":"service"},"geometry":{"type":"LineString","coordinates":[[-48.8498245,-26.2869922],[-48.8488327,-26.286936]]}},{"type":"Feature","properties":{"osmId":"way/1290188020","highway":"service"},"geometry":{"type":"LineString","coordinates":[[-48.8598145,-26.2940301],[-48.8598032,-26.2937864],[-48.8598071,-26.2937736],[-48.8598163,-26.2937608],[-48.8598551,-26.293756]]}},{"type":"Feature","properties":{"osmId":"way/1292163661","highway":"service"},"geometry":{"type":"LineString","coordinates":[[-48.8577783,-26.2780203],[-48.8577823,-26.2779669]]}},{"type":"Feature","properties":{"osmId":"way/1296546967","highway":"service"},"geometry":{"type":"LineString","coordinates":[[-48.8450454,-26.2906359],[-48.8450056,-26.2905438],[-48.8449882,-26.2903935]]}},{"type":"Feature","properties":{"osmId":"way/1296546968","highway":"service"},"geometry":{"type":"LineString","coordinates":[[-48.8438335,-26.2899059],[-48.8436141,-26.2899164],[-48.8432743,-26.2899308]]}},{"type":"Feature","properties":{"osmId":"way/1296546969","highway":"service"},"geometry":{"type":"LineString","coordinates":[[-48.8436133,-26.2898595],[-48.843833,-26.2898454]]}},{"type":"Feature","properties":{"osmId":"way/1296546970","highway":"service"},"geometry":{"type":"LineString","coordinates":[[-48.8450777,-26.2913203],[-48.8452068,-26.2913149],[-48.8454886,-26.2912991]]}},{"type":"Feature","properties":{"osmId":"way/1298330706","highway":"service"},"geometry":{"type":"LineString","coordinates":[[-48.8446747,-26.2882409],[-48.8452684,-26.2881981]]}},{"type":"Feature","properties":{"osmId":"way/1304161672","highway":"residential"},"geometry":{"type":"LineString","coordinates":[[-48.8512894,-26.2857957],[-48.8508432,-26.2857707]]}},{"type":"Feature","properties":{"osmId":"way/1360875276","highway":"service"},"geometry":{"type":"LineString","coordinates":[[-48.8543573,-26.2915622],[-48.8545583,-26.2915321]]}},{"type":"Feature","properties":{"osmId":"way/1360875277","highway":"service"},"geometry":{"type":"LineString","coordinates":[[-48.853781,-26.2915983],[-48.853869,-26.291597],[-48.8543573,-26.2915622],[-48.8543652,-26.2915554],[-48.8543691,-26.2915488],[-48.8543692,-26.2915402],[-48.8543565,-26.2914735]]}},{"type":"Feature","properties":{"osmId":"way/1360964663","highway":"service"},"geometry":{"type":"LineString","coordinates":[[-48.8605484,-26.2930119],[-48.8605544,-26.2930832],[-48.8606016,-26.2937959],[-48.860608,-26.2938911],[-48.8606187,-26.2939814]]}},{"type":"Feature","properties":{"osmId":"way/1361056143","highway":"service"},"geometry":{"type":"LineString","coordinates":[[-48.8500462,-26.2847528],[-48.8501354,-26.2847566],[-48.8501716,-26.2847584],[-48.8503587,-26.2847698],[-48.8505638,-26.284786],[-48.850594,-26.2847974],[-48.8506175,-26.2848179],[-48.8506557,-26.2848443],[-48.8507,-26.2848582],[-48.8507489,-26.2848684]]}},{"type":"Feature","properties":{"osmId":"way/1368286632","highway":"service"},"geometry":{"type":"LineString","coordinates":[[-48.8493738,-26.2805347],[-48.8488697,-26.2804928]]}},{"type":"Feature","properties":{"osmId":"way/1368286633","highway":"service"},"geometry":{"type":"LineString","coordinates":[[-48.849512,-26.2805384],[-48.849442,-26.2805371],[-48.8493738,-26.2805347]]}},{"type":"Feature","properties":{"osmId":"way/1368286634","highway":"service"},"geometry":{"type":"LineString","coordinates":[[-48.8488697,-26.2804928],[-48.8487138,-26.280495],[-48.8486561,-26.2805167],[-48.8485502,-26.2805972]]}},{"type":"Feature","properties":{"osmId":"way/1388540207","highway":"residential"},"geometry":{"type":"LineString","coordinates":[[-48.8573485,-26.2940655],[-48.8573603,-26.2941985]]}},{"type":"Feature","properties":{"osmId":"way/1388540209","highway":"residential"},"geometry":{"type":"LineString","coordinates":[[-48.8572728,-26.2937536],[-48.8573052,-26.2937569],[-48.8573207,-26.2937738],[-48.8573485,-26.2940655]]}},{"type":"Feature","properties":{"osmId":"way/1388804333","highway":"service"},"geometry":{"type":"LineString","coordinates":[[-48.8602787,-26.294004],[-48.8602909,-26.2939639],[-48.8603023,-26.293932],[-48.860306,-26.2939197],[-48.860319,-26.2938944],[-48.8603388,-26.2938749],[-48.8603593,-26.2938653],[-48.8603998,-26.2938548],[-48.8604478,-26.2938415],[-48.8604964,-26.2938151],[-48.860537,-26.2938049],[-48.8606016,-26.2937959]]}},{"type":"Feature","properties":{"osmId":"way/1395763373","highway":"residential"},"geometry":{"type":"LineString","coordinates":[[-48.8571701,-26.2940769],[-48.8571743,-26.2942109]]}},{"type":"Feature","properties":{"osmId":"way/1396831918","highway":"service"},"geometry":{"type":"LineString","coordinates":[[-48.8598551,-26.293756],[-48.8599575,-26.2937452]]}},{"type":"Feature","properties":{"osmId":"way/1396831919","highway":"service"},"geometry":{"type":"LineString","coordinates":[[-48.8599575,-26.2937452],[-48.8600243,-26.2937368],[-48.860111,-26.2937299]]}},{"type":"Feature","properties":{"osmId":"way/1396831920","highway":"service"},"geometry":{"type":"LineString","coordinates":[[-48.8600243,-26.2937368],[-48.8600464,-26.2940191]]}},{"type":"Feature","properties":{"osmId":"way/1414545446","highway":"primary"},"geometry":{"type":"LineString","coordinates":[[-48.8636701,-26.2783571],[-48.863664,-26.2783813],[-48.8636491,-26.2784022],[-48.8636272,-26.2784175],[-48.8636009,-26.2784252],[-48.8635732,-26.2784245],[-48.8635473,-26.2784156],[-48.8635264,-26.2783993],[-48.8635127,-26.2783777],[-48.863508,-26.2783532],[-48.8635112,-26.278333],[-48.8635205,-26.2783144],[-48.8635352,-26.2782989],[-48.8635541,-26.2782876],[-48.8635781,-26.2782812],[-48.8636032,-26.2782816],[-48.8636269,-26.2782889],[-48.8636471,-26.2783023],[-48.863659,-26.2783163],[-48.8636669,-26.2783324],[-48.8636701,-26.2783571]]}},{"type":"Feature","properties":{"osmId":"way/1414545450","highway":"tertiary","name":"Rua João Pessoa"},"geometry":{"type":"LineString","coordinates":[[-48.863508,-26.2783532],[-48.8633949,-26.2782933]]}},{"type":"Feature","properties":{"osmId":"way/1414545451","highway":"primary","name":"Rua Marquês de Olinda"},"geometry":{"type":"LineString","coordinates":[[-48.8636827,-26.2789423],[-48.8635672,-26.2787296],[-48.8635464,-26.2786885],[-48.8635261,-26.2786401],[-48.8635171,-26.2785832],[-48.863508,-26.2783532]]}},{"type":"Feature","properties":{"osmId":"way/1414545452","highway":"primary_link"},"geometry":{"type":"LineString","coordinates":[[-48.8636637,-26.2786374],[-48.8635672,-26.2787296]]}},{"type":"Feature","properties":{"osmId":"way/1414545454","highway":"residential"},"geometry":{"type":"LineString","coordinates":[[-48.863552,-26.2791039],[-48.8635411,-26.2788785],[-48.863546,-26.2788045],[-48.8635672,-26.2787296]]}},{"type":"Feature","properties":{"osmId":"way/1414594031","highway":"residential"},"geometry":{"type":"LineString","coordinates":[[-48.8586487,-26.2896612],[-48.8586547,-26.2897736],[-48.8586601,-26.2898608],[-48.8586668,-26.2899919]]}},{"type":"Feature","properties":{"osmId":"way/1414594032","highway":"residential"},"geometry":{"type":"LineString","coordinates":[[-48.8586392,-26.2895075],[-48.8586487,-26.2896612]]}},{"type":"Feature","properties":{"osmId":"way/1418139505","highway":"service"},"geometry":{"type":"LineString","coordinates":[[-48.8522729,-26.289386],[-48.8522597,-26.2893188],[-48.852252,-26.2892728]]}},{"type":"Feature","properties":{"osmId":"way/1435719197","highway":"residential"},"geometry":{"type":"LineString","coordinates":[[-48.8548875,-26.2817051],[-48.8552455,-26.2816876]]}},{"type":"Feature","properties":{"osmId":"way/1499024867","highway":"service"},"geometry":{"type":"LineString","coordinates":[[-48.8548403,-26.3022066],[-48.8548996,-26.3020842],[-48.8549647,-26.3020313],[-48.8549942,-26.3019989],[-48.8549962,-26.3019628],[-48.8549875,-26.3019291],[-48.8549573,-26.3019105],[-48.8547421,-26.3018456],[-48.8546965,-26.3018522],[-48.8546777,-26.3018636],[-48.8546629,-26.3018877],[-48.8546636,-26.3019255],[-48.8547065,-26.3019808],[-48.8547307,-26.3020211],[-48.854732,-26.302053],[-48.8546892,-26.3021602]]}},{"type":"Feature","properties":{"osmId":"way/1499487680","highway":"residential"},"geometry":{"type":"LineString","coordinates":[[-48.8573359,-26.2909484],[-48.8574296,-26.2909393]]}},{"type":"Feature","properties":{"osmId":"way/1499488339","highway":"service"},"geometry":{"type":"LineString","coordinates":[[-48.8583095,-26.2941353],[-48.8583523,-26.2946426]]}},{"type":"Feature","properties":{"osmId":"way/1500118929","highway":"residential"},"geometry":{"type":"LineString","coordinates":[[-48.8574296,-26.2909393],[-48.8582128,-26.2908588]]}},{"type":"Feature","properties":{"osmId":"way/1513898728","highway":"service"},"geometry":{"type":"LineString","coordinates":[[-48.850077,-26.2911353],[-48.8501162,-26.2911985],[-48.8501575,-26.2912297],[-48.850417,-26.2913866],[-48.8504612,-26.2914503],[-48.8505149,-26.2914816],[-48.8505846,-26.2914984],[-48.8512686,-26.2914335],[-48.8514429,-26.2914179]]}},{"type":"Feature","properties":{"osmId":"way/1518223678","highway":"service"},"geometry":{"type":"LineString","coordinates":[[-48.8480888,-26.2934751],[-48.8485368,-26.2934667],[-48.8485636,-26.2934775],[-48.8485676,-26.2935064],[-48.8485797,-26.293641]]}},{"type":"Feature","properties":{"osmId":"way/1523863671","highway":"residential"},"geometry":{"type":"LineString","coordinates":[[-48.8621181,-26.283213],[-48.8618741,-26.2832977]]}}]}